,month,states,coal_cost
0,201101,US,13.16
1,201101,New England : electric utility,NM
2,201101,CT,NM
3,201101,ME,NM
4,201101,MA,14.63
5,201101,NH,15.22
6,201101,RI,NM
7,201101,VT,NM
8,201101,Middle Atlantic : electric utility,NM
9,201101,NJ,NM
10,201101,NY,12.69
11,201101,PA,NM
12,201101,East North Central : electric utility,NM
13,201101,IL,NM
14,201101,IN,16.59
15,201101,MI,NM
16,201101,OH,NM
17,201101,WI,NM
18,201101,West North Central : electric utility,NM
19,201101,IA,NM
20,201101,KS,NM
21,201101,MN,NM
22,201101,MO,15.22
23,201101,NE,NM
24,201101,ND,15.61
25,201101,SD,NM
26,201101,South Atlantic : electric utility,NM
27,201101,DE,NM
28,201101,District Of Columbia : electric utility,--
29,201101,FL,12.65
30,201101,GA,16.35
31,201101,MD,NM
32,201101,NC,15.97
33,201101,SC,15.59
34,201101,VA,14.1
35,201101,WV,16.52
36,201101,East South Central : electric utility,NM
37,201101,AL,16.09
38,201101,KY,16.51
39,201101,MS,NM
40,201101,TN,15.26
41,201101,West South Central : electric utility,NM
42,201101,AR,16.21
43,201101,LA,9.35
44,201101,OK,NM
45,201101,TX,NM
46,201101,Mountain : electric utility,NM
47,201101,AZ,18.09
48,201101,CO,NM
49,201101,ID,NM
50,201101,MT,NM
51,201101,NV,16.78
52,201101,NM,21.83
53,201101,UT,16.26
54,201101,WY,13.49
55,201101,Pacific Contiguous : electric utility,NM
56,201101,CA,16.35
57,201101,OR,0
58,201101,WA,NM
59,201101,Pacific Noncontiguous : electric utility,13.55
60,201101,AK,16.4
61,201101,HI,12.81
62,201102,US,13.59
63,201102,New England : electric utility,NM
64,201102,CT,17.78
65,201102,ME,NM
66,201102,MA,NM
67,201102,NH,15.38
68,201102,RI,NM
69,201102,VT,NM
70,201102,Middle Atlantic : electric utility,NM
71,201102,NJ,NM
72,201102,NY,11.66
73,201102,PA,NM
74,201102,East North Central : electric utility,NM
75,201102,IL,NM
76,201102,IN,15.09
77,201102,MI,NM
78,201102,OH,15.75
79,201102,WI,14.8
80,201102,West North Central : electric utility,NM
81,201102,IA,15.08
82,201102,KS,14.64
83,201102,MN,NM
84,201102,MO,15.05
85,201102,NE,15.71
86,201102,ND,15.29
87,201102,SD,NM
88,201102,South Atlantic : electric utility,NM
89,201102,DE,NM
90,201102,District Of Columbia : electric utility,--
91,201102,FL,12.75
92,201102,GA,15.08
93,201102,MD,NM
94,201102,NC,15.04
95,201102,SC,13.68
96,201102,VA,14.41
97,201102,WV,16.75
98,201102,East South Central : electric utility,NM
99,201102,AL,14.95
100,201102,KY,15.79
101,201102,MS,NM
102,201102,TN,14.86
103,201102,West South Central : electric utility,15.41
104,201102,AR,15.35
105,201102,LA,15.31
106,201102,OK,15.88
107,201102,TX,15.03
108,201102,Mountain : electric utility,NM
109,201102,AZ,16.67
110,201102,CO,NM
111,201102,ID,NM
112,201102,MT,14.28
113,201102,NV,NM
114,201102,NM,17.38
115,201102,UT,16.5
116,201102,WY,15.56
117,201102,Pacific Contiguous : electric utility,NM
118,201102,CA,16.55
119,201102,OR,0
120,201102,WA,NM
121,201102,Pacific Noncontiguous : electric utility,13.89
122,201102,AK,16.0
123,201102,HI,13.53
124,201103,US,14.11
125,201103,New England : electric utility,NM
126,201103,CT,NM
127,201103,ME,NM
128,201103,MA,NM
129,201103,NH,16.12
130,201103,RI,NM
131,201103,VT,NM
132,201103,Middle Atlantic : electric utility,NM
133,201103,NJ,NM
134,201103,NY,12.47
135,201103,PA,NM
136,201103,East North Central : electric utility,NM
137,201103,IL,NM
138,201103,IN,16.36
139,201103,MI,NM
140,201103,OH,16.32
141,201103,WI,15.52
142,201103,West North Central : electric utility,NM
143,201103,IA,16.23
144,201103,KS,16.39
145,201103,MN,NM
146,201103,MO,16.11
147,201103,NE,NM
148,201103,ND,17.19
149,201103,SD,NM
150,201103,South Atlantic : electric utility,NM
151,201103,DE,NM
152,201103,District Of Columbia : electric utility,--
153,201103,FL,14.63
154,201103,GA,18.66
155,201103,MD,NM
156,201103,NC,16.15
157,201103,SC,16.27
158,201103,VA,14.72
159,201103,WV,16.78
160,201103,East South Central : electric utility,NM
161,201103,AL,15.79
162,201103,KY,18.62
163,201103,MS,NM
164,201103,TN,15.71
165,201103,West South Central : electric utility,NM
166,201103,AR,15.96
167,201103,LA,8.88
168,201103,OK,NM
169,201103,TX,16.26
170,201103,Mountain : electric utility,NM
171,201103,AZ,17.68
172,201103,CO,NM
173,201103,ID,NM
174,201103,MT,12.21
175,201103,NV,NM
176,201103,NM,18.5
177,201103,UT,17.46
178,201103,WY,16.54
179,201103,Pacific Contiguous : electric utility,NM
180,201103,CA,16.65
181,201103,OR,0
182,201103,WA,NM
183,201103,Pacific Noncontiguous : electric utility,13.75
184,201103,AK,16.9
185,201103,HI,13.39
186,201104,US,14.96
187,201104,New England : electric utility,NM
188,201104,CT,NM
189,201104,ME,NM
190,201104,MA,17.07
191,201104,NH,NM
192,201104,RI,NM
193,201104,VT,NM
194,201104,Middle Atlantic : electric utility,NM
195,201104,NJ,NM
196,201104,NY,NM
197,201104,PA,NM
198,201104,East North Central : electric utility,NM
199,201104,IL,NM
200,201104,IN,17.37
201,201104,MI,17.25
202,201104,OH,17.41
203,201104,WI,18.32
204,201104,West North Central : electric utility,NM
205,201104,IA,17.02
206,201104,KS,17.36
207,201104,MN,NM
208,201104,MO,17.06
209,201104,NE,NM
210,201104,ND,18.58
211,201104,SD,NM
212,201104,South Atlantic : electric utility,NM
213,201104,DE,NM
214,201104,District Of Columbia : electric utility,--
215,201104,FL,14.41
216,201104,GA,16.92
217,201104,MD,NM
218,201104,NC,16.91
219,201104,SC,14.26
220,201104,VA,16.25
221,201104,WV,17.99
222,201104,East South Central : electric utility,NM
223,201104,AL,16.12
224,201104,KY,16.71
225,201104,MS,NM
226,201104,TN,16.69
227,201104,West South Central : electric utility,NM
228,201104,AR,16.74
229,201104,LA,19.93
230,201104,OK,NM
231,201104,TX,16.91
232,201104,Mountain : electric utility,NM
233,201104,AZ,18.71
234,201104,CO,NM
235,201104,ID,NM
236,201104,MT,18.45
237,201104,NV,NM
238,201104,NM,19.93
239,201104,UT,18.43
240,201104,WY,18.31
241,201104,Pacific Contiguous : electric utility,NM
242,201104,CA,NM
243,201104,OR,0
244,201104,WA,NM
245,201104,Pacific Noncontiguous : electric utility,14.32
246,201104,AK,17.45
247,201104,HI,13.86
248,201105,US,13.61
249,201105,New England : electric utility,NM
250,201105,CT,NM
251,201105,ME,NM
252,201105,MA,NM
253,201105,NH,17.38
254,201105,RI,NM
255,201105,VT,NM
256,201105,Middle Atlantic : electric utility,NM
257,201105,NJ,NM
258,201105,NY,15.9
259,201105,PA,NM
260,201105,East North Central : electric utility,NM
261,201105,IL,NM
262,201105,IN,16.87
263,201105,MI,15.78
264,201105,OH,16.01
265,201105,WI,17.34
266,201105,West North Central : electric utility,NM
267,201105,IA,16.59
268,201105,KS,16.01
269,201105,MN,NM
270,201105,MO,16.47
271,201105,NE,17.69
272,201105,ND,17.14
273,201105,SD,NM
274,201105,South Atlantic : electric utility,NM
275,201105,DE,NM
276,201105,District Of Columbia : electric utility,--
277,201105,FL,12.16
278,201105,GA,16.25
279,201105,MD,NM
280,201105,NC,15.73
281,201105,SC,13.97
282,201105,VA,15.31
283,201105,WV,16.46
284,201105,East South Central : electric utility,11.45
285,201105,AL,15.46
286,201105,KY,15.81
287,201105,MS,9.24
288,201105,TN,15.46
289,201105,West South Central : electric utility,NM
290,201105,AR,NM
291,201105,LA,NM
292,201105,OK,18.11
293,201105,TX,16.9
294,201105,Mountain : electric utility,NM
295,201105,AZ,18.57
296,201105,CO,NM
297,201105,ID,NM
298,201105,MT,19.55
299,201105,NV,NM
300,201105,NM,19.99
301,201105,UT,18.25
302,201105,WY,17.58
303,201105,Pacific Contiguous : electric utility,NM
304,201105,CA,17.54
305,201105,OR,NM
306,201105,WA,NM
307,201105,Pacific Noncontiguous : electric utility,14.67
308,201105,AK,16.46
309,201105,HI,14.49
310,201106,US,13.16
311,201106,New England : electric utility,NM
312,201106,CT,NM
313,201106,ME,NM
314,201106,MA,NM
315,201106,NH,15.47
316,201106,RI,NM
317,201106,VT,NM
318,201106,Middle Atlantic : electric utility,NM
319,201106,NJ,NM
320,201106,NY,16.19
321,201106,PA,NM
322,201106,East North Central : electric utility,NM
323,201106,IL,NM
324,201106,IN,15.7
325,201106,MI,16.1
326,201106,OH,15.64
327,201106,WI,16.23
328,201106,West North Central : electric utility,NM
329,201106,IA,15.59
330,201106,KS,16.02
331,201106,MN,NM
332,201106,MO,15.67
333,201106,NE,16.31
334,201106,ND,16.35
335,201106,SD,NM
336,201106,South Atlantic : electric utility,NM
337,201106,DE,NM
338,201106,District Of Columbia : electric utility,--
339,201106,FL,11.49
340,201106,GA,16.67
341,201106,MD,NM
342,201106,NC,15.64
343,201106,SC,15.92
344,201106,VA,12.08
345,201106,WV,16.49
346,201106,East South Central : electric utility,NM
347,201106,AL,15.79
348,201106,KY,15.65
349,201106,MS,NM
350,201106,TN,15.33
351,201106,West South Central : electric utility,NM
352,201106,AR,15.94
353,201106,LA,NM
354,201106,OK,NM
355,201106,TX,16.53
356,201106,Mountain : electric utility,NM
357,201106,AZ,17.29
358,201106,CO,NM
359,201106,ID,NM
360,201106,MT,13.05
361,201106,NV,16.94
362,201106,NM,18.32
363,201106,UT,16.43
364,201106,WY,16.45
365,201106,Pacific Contiguous : electric utility,NM
366,201106,CA,17.42
367,201106,OR,0
368,201106,WA,NM
369,201106,Pacific Noncontiguous : electric utility,15.16
370,201106,AK,17.14
371,201106,HI,14.93
372,201107,US,13.29
373,201107,New England : electric utility,NM
374,201107,CT,NM
375,201107,ME,NM
376,201107,MA,11.57
377,201107,NH,15.76
378,201107,RI,NM
379,201107,VT,NM
380,201107,Middle Atlantic : electric utility,NM
381,201107,NJ,NM
382,201107,NY,15.45
383,201107,PA,NM
384,201107,East North Central : electric utility,NM
385,201107,IL,NM
386,201107,IN,15.76
387,201107,MI,15.94
388,201107,OH,16.32
389,201107,WI,15.8
390,201107,West North Central : electric utility,NM
391,201107,IA,15.87
392,201107,KS,17.21
393,201107,MN,NM
394,201107,MO,15.71
395,201107,NE,NM
396,201107,ND,16.41
397,201107,SD,NM
398,201107,South Atlantic : electric utility,NM
399,201107,DE,NM
400,201107,District Of Columbia : electric utility,--
401,201107,FL,11.8
402,201107,GA,16.23
403,201107,MD,NM
404,201107,NC,15.33
405,201107,SC,12.61
406,201107,VA,11.27
407,201107,WV,16.21
408,201107,East South Central : electric utility,15.79
409,201107,AL,15.7
410,201107,KY,16.14
411,201107,MS,15.62
412,201107,TN,15.31
413,201107,West South Central : electric utility,15.17
414,201107,AR,15.69
415,201107,LA,9.55
416,201107,OK,16.52
417,201107,TX,15.64
418,201107,Mountain : electric utility,NM
419,201107,AZ,17.62
420,201107,CO,NM
421,201107,ID,NM
422,201107,MT,14.56
423,201107,NV,17.84
424,201107,NM,17.6
425,201107,UT,16.83
426,201107,WY,17.22
427,201107,Pacific Contiguous : electric utility,NM
428,201107,CA,17
429,201107,OR,16.11
430,201107,WA,NM
431,201107,Pacific Noncontiguous : electric utility,14.26
432,201107,AK,16.92
433,201107,HI,14.07
434,201108,US,13.08
435,201108,New England : electric utility,NM
436,201108,CT,NM
437,201108,ME,NM
438,201108,MA,13.92
439,201108,NH,15.85
440,201108,RI,NM
441,201108,VT,NM
442,201108,Middle Atlantic : electric utility,NM
443,201108,NJ,NM
444,201108,NY,13.24
445,201108,PA,NM
446,201108,East North Central : electric utility,NM
447,201108,IL,NM
448,201108,IN,16.32
449,201108,MI,16.5
450,201108,OH,16.76
451,201108,WI,15.98
452,201108,West North Central : electric utility,NM
453,201108,IA,15.96
454,201108,KS,16.57
455,201108,MN,NM
456,201108,MO,16.49
457,201108,NE,NM
458,201108,ND,16.43
459,201108,SD,NM
460,201108,South Atlantic : electric utility,NM
461,201108,DE,NM
462,201108,District Of Columbia : electric utility,--
463,201108,FL,12.01
464,201108,GA,15.67
465,201108,MD,NM
466,201108,NC,16.05
467,201108,SC,12.5
468,201108,VA,11.91
469,201108,WV,16.42
470,201108,East South Central : electric utility,NM
471,201108,AL,15.94
472,201108,KY,15.38
473,201108,MS,NM
474,201108,TN,15.82
475,201108,West South Central : electric utility,NM
476,201108,AR,15.83
477,201108,LA,8.88
478,201108,OK,NM
479,201108,TX,17.16
480,201108,Mountain : electric utility,NM
481,201108,AZ,17.64
482,201108,CO,NM
483,201108,ID,NM
484,201108,MT,13.4
485,201108,NV,NM
486,201108,NM,19.33
487,201108,UT,17.16
488,201108,WY,16.29
489,201108,Pacific Contiguous : electric utility,NM
490,201108,CA,17.17
491,201108,OR,0
492,201108,WA,NM
493,201108,Pacific Noncontiguous : electric utility,14.75
494,201108,AK,16.9
495,201108,HI,14.48
496,201109,US,13.35
497,201109,New England : electric utility,NM
498,201109,CT,NM
499,201109,ME,NM
500,201109,MA,NM
501,201109,NH,16.04
502,201109,RI,NM
503,201109,VT,NM
504,201109,Middle Atlantic : electric utility,NM
505,201109,NJ,NM
506,201109,NY,12.66
507,201109,PA,NM
508,201109,East North Central : electric utility,NM
509,201109,IL,NM
510,201109,IN,16.32
511,201109,MI,16.68
512,201109,OH,16.77
513,201109,WI,16.29
514,201109,West North Central : electric utility,NM
515,201109,IA,16.39
516,201109,KS,16.37
517,201109,MN,NM
518,201109,MO,16.37
519,201109,NE,NM
520,201109,ND,17.78
521,201109,SD,NM
522,201109,South Atlantic : electric utility,NM
523,201109,DE,NM
524,201109,District Of Columbia : electric utility,--
525,201109,FL,12.05
526,201109,GA,16.84
527,201109,MD,NM
528,201109,NC,15.85
529,201109,SC,15.21
530,201109,VA,NM
531,201109,WV,16.8
532,201109,East South Central : electric utility,16.19
533,201109,AL,15.88
534,201109,KY,16.11
535,201109,MS,18
536,201109,TN,15.69
537,201109,West South Central : electric utility,NM
538,201109,AR,15.77
539,201109,LA,NM
540,201109,OK,NM
541,201109,TX,16.33
542,201109,Mountain : electric utility,NM
543,201109,AZ,NM
544,201109,CO,15
545,201109,ID,NM
546,201109,MT,12.35
547,201109,NV,17.28
548,201109,NM,18.96
549,201109,UT,17.05
550,201109,WY,17.54
551,201109,Pacific Contiguous : electric utility,NM
552,201109,CA,18.07
553,201109,OR,0
554,201109,WA,NM
555,201109,Pacific Noncontiguous : electric utility,14.66
556,201109,AK,16.65
557,201109,HI,14.45
558,201110,US,14.98
559,201110,New England : electric utility,NM
560,201110,CT,NM
561,201110,ME,NM
562,201110,MA,NM
563,201110,NH,NM
564,201110,RI,NM
565,201110,VT,NM
566,201110,Middle Atlantic : electric utility,NM
567,201110,NJ,NM
568,201110,NY,12.83
569,201110,PA,NM
570,201110,East North Central : electric utility,NM
571,201110,IL,NM
572,201110,IN,17.31
573,201110,MI,17.54
574,201110,OH,17.21
575,201110,WI,NM
576,201110,West North Central : electric utility,NM
577,201110,IA,17.02
578,201110,KS,17.07
579,201110,MN,NM
580,201110,MO,17.11
581,201110,NE,17.66
582,201110,ND,19.14
583,201110,SD,NM
584,201110,South Atlantic : electric utility,NM
585,201110,DE,NM
586,201110,District Of Columbia : electric utility,--
587,201110,FL,14.88
588,201110,GA,17.93
589,201110,MD,NM
590,201110,NC,16.88
591,201110,SC,9.28
592,201110,VA,13.87
593,201110,WV,17.76
594,201110,East South Central : electric utility,17.37
595,201110,AL,16.75
596,201110,KY,17.54
597,201110,MS,15.56
598,201110,TN,16.86
599,201110,West South Central : electric utility,NM
600,201110,AR,16.51
601,201110,LA,NM
602,201110,OK,18.22
603,201110,TX,16.98
604,201110,Mountain : electric utility,NM
605,201110,AZ,19.17
606,201110,CO,16.36
607,201110,ID,NM
608,201110,MT,18.72
609,201110,NV,NM
610,201110,NM,19.87
611,201110,UT,18.04
612,201110,WY,18.88
613,201110,Pacific Contiguous : electric utility,NM
614,201110,CA,22.4
615,201110,OR,0
616,201110,WA,NM
617,201110,Pacific Noncontiguous : electric utility,14.94
618,201110,AK,17.64
619,201110,HI,14.64
620,201111,US,15.82
621,201111,New England : electric utility,NM
622,201111,CT,NM
623,201111,ME,NM
624,201111,MA,NM
625,201111,NH,NM
626,201111,RI,NM
627,201111,VT,NM
628,201111,Middle Atlantic : electric utility,NM
629,201111,NJ,NM
630,201111,NY,12.96
631,201111,PA,NM
632,201111,East North Central : electric utility,NM
633,201111,IL,NM
634,201111,IN,17.8
635,201111,MI,NM
636,201111,OH,18.59
637,201111,WI,18
638,201111,West North Central : electric utility,NM
639,201111,IA,17.91
640,201111,KS,18.05
641,201111,MN,NM
642,201111,MO,17.94
643,201111,NE,18.04
644,201111,ND,19.12
645,201111,SD,NM
646,201111,South Atlantic : electric utility,NM
647,201111,DE,NM
648,201111,District Of Columbia : electric utility,--
649,201111,FL,15.15
650,201111,GA,18.6
651,201111,MD,NM
652,201111,NC,17.12
653,201111,SC,12.99
654,201111,VA,14.04
655,201111,WV,18.82
656,201111,East South Central : electric utility,NM
657,201111,AL,17.01
658,201111,KY,17.59
659,201111,MS,NM
660,201111,TN,NM
661,201111,West South Central : electric utility,NM
662,201111,AR,16.04
663,201111,LA,NM
664,201111,OK,NM
665,201111,TX,NM
666,201111,Mountain : electric utility,NM
667,201111,AZ,19.4
668,201111,CO,16.63
669,201111,ID,NM
670,201111,MT,18.1
671,201111,NV,20.21
672,201111,NM,20.4
673,201111,UT,20.45
674,201111,WY,19.3
675,201111,Pacific Contiguous : electric utility,NM
676,201111,CA,NM
677,201111,OR,0
678,201111,WA,19.36
679,201111,Pacific Noncontiguous : electric utility,15.61
680,201111,AK,18.14
681,201111,HI,15.24
682,201112,US,16.79
683,201112,New England : electric utility,NM
684,201112,CT,NM
685,201112,ME,NM
686,201112,MA,NM
687,201112,NH,18.94
688,201112,RI,NM
689,201112,VT,NM
690,201112,Middle Atlantic : electric utility,NM
691,201112,NJ,NM
692,201112,NY,20.04
693,201112,PA,NM
694,201112,East North Central : electric utility,NM
695,201112,IL,NM
696,201112,IN,18.76
697,201112,MI,NM
698,201112,OH,18.96
699,201112,WI,18.79
700,201112,West North Central : electric utility,NM
701,201112,IA,18.57
702,201112,KS,18.78
703,201112,MN,NM
704,201112,MO,18.58
705,201112,NE,19.59
706,201112,ND,19.32
707,201112,SD,18.91
708,201112,South Atlantic : electric utility,NM
709,201112,DE,NM
710,201112,District Of Columbia : electric utility,--
711,201112,FL,16.74
712,201112,GA,18.94
713,201112,MD,NM
714,201112,NC,18.58
715,201112,SC,16.88
716,201112,VA,14.94
717,201112,WV,18.5
718,201112,East South Central : electric utility,18.06
719,201112,AL,17.52
720,201112,KY,18.46
721,201112,MS,15.71
722,201112,TN,18.03
723,201112,West South Central : electric utility,17.12
724,201112,AR,15.97
725,201112,LA,8.98
726,201112,OK,18.31
727,201112,TX,17.85
728,201112,Mountain : electric utility,NM
729,201112,AZ,19.3
730,201112,CO,18.62
731,201112,ID,NM
732,201112,MT,14.97
733,201112,NV,NM
734,201112,NM,21.38
735,201112,UT,18.88
736,201112,WY,20.16
737,201112,Pacific Contiguous : electric utility,NM
738,201112,CA,NM
739,201112,OR,0
740,201112,WA,21.33
741,201112,Pacific Noncontiguous : electric utility,16.45
742,201112,AK,18.81
743,201112,HI,15.97
