,month,states,coal_cost
0,201001,US,8.0
1,201001,New England : electric utility,NM
2,201001,CT,NM
3,201001,ME,NM
4,201001,MA,11.05
5,201001,NH,6.1
6,201001,RI,NM
7,201001,VT,NM
8,201001,Middle Atlantic : electric utility,NM
9,201001,NJ,NM
10,201001,NY,7.19
11,201001,PA,NM
12,201001,East North Central : electric utility,11.04
13,201001,IL,15.45
14,201001,IN,11.59
15,201001,MI,9.35
16,201001,OH,11.02
17,201001,WI,11.21
18,201001,West North Central : electric utility,NM
19,201001,IA,NM
20,201001,KS,11.32
21,201001,MN,15.19
22,201001,MO,11.28
23,201001,NE,NM
24,201001,ND,11.43
25,201001,SD,11.45
26,201001,South Atlantic : electric utility,NM
27,201001,DE,NM
28,201001,District Of Columbia : electric utility,--
29,201001,FL,6.22
30,201001,GA,11.37
31,201001,MD,NM
32,201001,NC,11.08
33,201001,SC,9.59
34,201001,VA,7.69
35,201001,WV,11.87
36,201001,East South Central : electric utility,11.58
37,201001,AL,12.34
38,201001,KY,12.16
39,201001,MS,10.91
40,201001,TN,10.68
41,201001,West South Central : electric utility,NM
42,201001,AR,7.12
43,201001,LA,9.44
44,201001,OK,NM
45,201001,TX,NM
46,201001,Mountain : electric utility,NM
47,201001,AZ,15.39
48,201001,CO,NM
49,201001,ID,NM
50,201001,MT,NM
51,201001,NV,12.09
52,201001,NM,14.0
53,201001,UT,NM
54,201001,WY,12.56
55,201001,Pacific Contiguous : electric utility,10.01
56,201001,CA,12.11
57,201001,OR,9.08
58,201001,WA,12.28
59,201001,Pacific Noncontiguous : electric utility,8.67
60,201001,AK,10.35
61,201001,HI,8.25
62,201002,US,8.22
63,201002,New England : electric utility,NM
64,201002,CT,NM
65,201002,ME,NM
66,201002,MA,10.63
67,201002,NH,6.24
68,201002,RI,NM
69,201002,VT,NM
70,201002,Middle Atlantic : electric utility,NM
71,201002,NJ,7.07
72,201002,NY,6.73
73,201002,PA,NM
74,201002,East North Central : electric utility,10.02
75,201002,IL,10.74
76,201002,IN,10.58
77,201002,MI,9.08
78,201002,OH,9.83
79,201002,WI,10.74
80,201002,West North Central : electric utility,NM
81,201002,IA,9.42
82,201002,KS,9.13
83,201002,MN,8.14
84,201002,MO,10.08
85,201002,NE,NM
86,201002,ND,10.16
87,201002,SD,NM
88,201002,South Atlantic : electric utility,NM
89,201002,DE,0
90,201002,District Of Columbia : electric utility,--
91,201002,FL,8.35
92,201002,GA,9.7
93,201002,MD,NM
94,201002,NC,10.19
95,201002,SC,8.19
96,201002,VA,11.23
97,201002,WV,12.07
98,201002,East South Central : electric utility,10.21
99,201002,AL,9.45
100,201002,KY,10.95
101,201002,MS,10.46
102,201002,TN,9.54
103,201002,West South Central : electric utility,NM
104,201002,AR,8.24
105,201002,LA,9.21
106,201002,OK,NM
107,201002,TX,10.05
108,201002,Mountain : electric utility,NM
109,201002,AZ,NM
110,201002,CO,9.5
111,201002,ID,NM
112,201002,MT,NM
113,201002,NV,10.89
114,201002,NM,11.34
115,201002,UT,NM
116,201002,WY,10.5
117,201002,Pacific Contiguous : electric utility,NM
118,201002,CA,NM
119,201002,OR,9.05
120,201002,WA,11.63
121,201002,Pacific Noncontiguous : electric utility,8.2
122,201002,AK,10.0
123,201002,HI,7.74
124,201003,US,8.41
125,201003,New England : electric utility,NM
126,201003,CT,NM
127,201003,ME,NM
128,201003,MA,8.77
129,201003,NH,10.96
130,201003,RI,NM
131,201003,VT,NM
132,201003,Middle Atlantic : electric utility,NM
133,201003,NJ,11.24
134,201003,NY,10.46
135,201003,PA,NM
136,201003,East North Central : electric utility,9.64
137,201003,IL,11
138,201003,IN,9.93
139,201003,MI,8.65
140,201003,OH,10.74
141,201003,WI,8.4
142,201003,West North Central : electric utility,NM
143,201003,IA,10.71
144,201003,KS,10.59
145,201003,MN,8.89
146,201003,MO,10.65
147,201003,NE,9.45
148,201003,ND,10.83
149,201003,SD,NM
150,201003,South Atlantic : electric utility,NM
151,201003,DE,0
152,201003,District Of Columbia : electric utility,--
153,201003,FL,8.23
154,201003,GA,9.75
155,201003,MD,NM
156,201003,NC,9.98
157,201003,SC,6.37
158,201003,VA,7.88
159,201003,WV,10.66
160,201003,East South Central : electric utility,10.49
161,201003,AL,9.78
162,201003,KY,10.78
163,201003,MS,14.87
164,201003,TN,10.05
165,201003,West South Central : electric utility,NM
166,201003,AR,7.06
167,201003,LA,8.85
168,201003,OK,NM
169,201003,TX,9.41
170,201003,Mountain : electric utility,NM
171,201003,AZ,NM
172,201003,CO,9.66
173,201003,ID,NM
174,201003,MT,NM
175,201003,NV,12.27
176,201003,NM,10.52
177,201003,UT,10.08
178,201003,WY,10.72
179,201003,Pacific Contiguous : electric utility,10.19
180,201003,CA,11.11
181,201003,OR,9.05
182,201003,WA,11.56
183,201003,Pacific Noncontiguous : electric utility,8.3
184,201003,AK,10.64
185,201003,HI,7.81
186,201004,US,8.91
187,201004,New England : electric utility,NM
188,201004,CT,NM
189,201004,ME,NM
190,201004,MA,NM
191,201004,NH,11.96
192,201004,RI,NM
193,201004,VT,NM
194,201004,Middle Atlantic : electric utility,NM
195,201004,NJ,0
196,201004,NY,11.02
197,201004,PA,NM
198,201004,East North Central : electric utility,9.23
199,201004,IL,11.88
200,201004,IN,11.1
201,201004,MI,7.76
202,201004,OH,11.06
203,201004,WI,10.98
204,201004,West North Central : electric utility,NM
205,201004,IA,10.46
206,201004,KS,11.33
207,201004,MN,10.56
208,201004,MO,11.76
209,201004,NE,5.79
210,201004,ND,11.19
211,201004,SD,NM
212,201004,South Atlantic : electric utility,NM
213,201004,DE,0
214,201004,District Of Columbia : electric utility,--
215,201004,FL,8.88
216,201004,GA,11.02
217,201004,MD,NM
218,201004,NC,10.84
219,201004,SC,6.48
220,201004,VA,12.97
221,201004,WV,11.48
222,201004,East South Central : electric utility,NM
223,201004,AL,9.13
224,201004,KY,11.75
225,201004,MS,NM
226,201004,TN,10.46
227,201004,West South Central : electric utility,NM
228,201004,AR,8.36
229,201004,LA,NM
230,201004,OK,NM
231,201004,TX,10.9
232,201004,Mountain : electric utility,NM
233,201004,AZ,NM
234,201004,CO,10.64
235,201004,ID,NM
236,201004,MT,NM
237,201004,NV,11.98
238,201004,NM,13.17
239,201004,UT,11.25
240,201004,WY,9.0
241,201004,Pacific Contiguous : electric utility,11.19
242,201004,CA,10.99
243,201004,OR,0
244,201004,WA,12.35
245,201004,Pacific Noncontiguous : electric utility,8.24
246,201004,AK,10.2
247,201004,HI,7.68
248,201005,US,9.27
249,201005,New England : electric utility,NM
250,201005,CT,NM
251,201005,ME,NM
252,201005,MA,NM
253,201005,NH,11.88
254,201005,RI,NM
255,201005,VT,NM
256,201005,Middle Atlantic : electric utility,NM
257,201005,NJ,8.47
258,201005,NY,12.07
259,201005,PA,NM
260,201005,East North Central : electric utility,10.54
261,201005,IL,11.73
262,201005,IN,11.52
263,201005,MI,9.79
264,201005,OH,11.49
265,201005,WI,10.87
266,201005,West North Central : electric utility,NM
267,201005,IA,11.8
268,201005,KS,NM
269,201005,MN,11.81
270,201005,MO,11.54
271,201005,NE,6.3
272,201005,ND,12.39
273,201005,SD,12.04
274,201005,South Atlantic : electric utility,NM
275,201005,DE,0
276,201005,District Of Columbia : electric utility,--
277,201005,FL,9.38
278,201005,GA,9.93
279,201005,MD,NM
280,201005,NC,11.22
281,201005,SC,8.76
282,201005,VA,8.41
283,201005,WV,13.56
284,201005,East South Central : electric utility,NM
285,201005,AL,12.01
286,201005,KY,12.57
287,201005,MS,NM
288,201005,TN,10.91
289,201005,West South Central : electric utility,13.54
290,201005,AR,16.5
291,201005,LA,11.07
292,201005,OK,15.52
293,201005,TX,12.33
294,201005,Mountain : electric utility,NM
295,201005,AZ,12.89
296,201005,CO,11.4
297,201005,ID,NM
298,201005,MT,NM
299,201005,NV,12.94
300,201005,NM,12.75
301,201005,UT,12.63
302,201005,WY,13.14
303,201005,Pacific Contiguous : electric utility,12.31
304,201005,CA,12.39
305,201005,OR,0
306,201005,WA,11.74
307,201005,Pacific Noncontiguous : electric utility,8.85
308,201005,AK,12.65
309,201005,HI,8.38
310,201006,US,10.43
311,201006,New England : electric utility,NM
312,201006,CT,NM
313,201006,ME,NM
314,201006,MA,13.95
315,201006,NH,13.78
316,201006,RI,NM
317,201006,VT,NM
318,201006,Middle Atlantic : electric utility,NM
319,201006,NJ,15.04
320,201006,NY,10.21
321,201006,PA,NM
322,201006,East North Central : electric utility,10.67
323,201006,IL,15.07
324,201006,IN,13.61
325,201006,MI,8.16
326,201006,OH,13.69
327,201006,WI,13.99
328,201006,West North Central : electric utility,NM
329,201006,IA,13.52
330,201006,KS,NM
331,201006,MN,11.84
332,201006,MO,13.76
333,201006,NE,13.36
334,201006,ND,14.59
335,201006,SD,NM
336,201006,South Atlantic : electric utility,NM
337,201006,DE,0
338,201006,District Of Columbia : electric utility,--
339,201006,FL,10.04
340,201006,GA,14.34
341,201006,MD,NM
342,201006,NC,13.65
343,201006,SC,10.02
344,201006,VA,11.85
345,201006,WV,14.63
346,201006,East South Central : electric utility,13.71
347,201006,AL,12.05
348,201006,KY,14.23
349,201006,MS,16.16
350,201006,TN,13.11
351,201006,West South Central : electric utility,NM
352,201006,AR,16.13
353,201006,LA,13.75
354,201006,OK,NM
355,201006,TX,13.75
356,201006,Mountain : electric utility,NM
357,201006,AZ,NM
358,201006,CO,12.78
359,201006,ID,NM
360,201006,MT,NM
361,201006,NV,15.47
362,201006,NM,13.43
363,201006,UT,14.87
364,201006,WY,14.13
365,201006,Pacific Contiguous : electric utility,13.11
366,201006,CA,13.14
367,201006,OR,0
368,201006,WA,12.92
369,201006,Pacific Noncontiguous : electric utility,10.33
370,201006,AK,14.36
371,201006,HI,9.67
372,201007,US,11.24
373,201007,New England : electric utility,NM
374,201007,CT,NM
375,201007,ME,NM
376,201007,MA,13.2
377,201007,NH,14.06
378,201007,RI,NM
379,201007,VT,NM
380,201007,Middle Atlantic : electric utility,NM
381,201007,NJ,9.49
382,201007,NY,10.16
383,201007,PA,NM
384,201007,East North Central : electric utility,11.6
385,201007,IL,13.95
386,201007,IN,12.96
387,201007,MI,10.27
388,201007,OH,12.66
389,201007,WI,12.59
390,201007,West North Central : electric utility,NM
391,201007,IA,12.97
392,201007,KS,12.62
393,201007,MN,13.17
394,201007,MO,12.94
395,201007,NE,14.65
396,201007,ND,13.55
397,201007,SD,NM
398,201007,South Atlantic : electric utility,NM
399,201007,DE,0
400,201007,District Of Columbia : electric utility,--
401,201007,FL,10.81
402,201007,GA,14.22
403,201007,MD,NM
404,201007,NC,13.11
405,201007,SC,11.31
406,201007,VA,9.53
407,201007,WV,14.09
408,201007,East South Central : electric utility,NM
409,201007,AL,12.13
410,201007,KY,14.14
411,201007,MS,12.13
412,201007,TN,NM
413,201007,West South Central : electric utility,NM
414,201007,AR,16.06
415,201007,LA,12.26
416,201007,OK,NM
417,201007,TX,12.88
418,201007,Mountain : electric utility,NM
419,201007,AZ,NM
420,201007,CO,13.23
421,201007,ID,NM
422,201007,MT,NM
423,201007,NV,14.22
424,201007,NM,15.26
425,201007,UT,14.65
426,201007,WY,14.16
427,201007,Pacific Contiguous : electric utility,14.7
428,201007,CA,14.49
429,201007,OR,0
430,201007,WA,18.73
431,201007,Pacific Noncontiguous : electric utility,11.51
432,201007,AK,14.14
433,201007,HI,11.13
434,201008,US,12.09
435,201008,New England : electric utility,NM
436,201008,CT,NM
437,201008,ME,NM
438,201008,MA,14.76
439,201008,NH,14.87
440,201008,RI,NM
441,201008,VT,NM
442,201008,Middle Atlantic : electric utility,NM
443,201008,NJ,17.55
444,201008,NY,12.71
445,201008,PA,NM
446,201008,East North Central : electric utility,13.39
447,201008,IL,14.95
448,201008,IN,14.69
449,201008,MI,11.17
450,201008,OH,14.24
451,201008,WI,14.86
452,201008,West North Central : electric utility,NM
453,201008,IA,14.51
454,201008,KS,14.82
455,201008,MN,14.44
456,201008,MO,14.61
457,201008,NE,14.68
458,201008,ND,14.96
459,201008,SD,NM
460,201008,South Atlantic : electric utility,NM
461,201008,DE,0
462,201008,District Of Columbia : electric utility,--
463,201008,FL,11.57
464,201008,GA,12.65
465,201008,MD,NM
466,201008,NC,14.07
467,201008,SC,11.07
468,201008,VA,10.28
469,201008,WV,15.17
470,201008,East South Central : electric utility,14.81
471,201008,AL,13.83
472,201008,KY,15.72
473,201008,MS,15.58
474,201008,TN,14.12
475,201008,West South Central : electric utility,NM
476,201008,AR,16.12
477,201008,LA,NM
478,201008,OK,NM
479,201008,TX,14.48
480,201008,Mountain : electric utility,NM
481,201008,AZ,NM
482,201008,CO,13.59
483,201008,ID,15.03
484,201008,MT,NM
485,201008,NV,16.69
486,201008,NM,16.68
487,201008,UT,14.24
488,201008,WY,15.25
489,201008,Pacific Contiguous : electric utility,14.87
490,201008,CA,14.7
491,201008,OR,14.68
492,201008,WA,18.57
493,201008,Pacific Noncontiguous : electric utility,12.33
494,201008,AK,15.01
495,201008,HI,11.93
496,201009,US,13.17
497,201009,New England : electric utility,NM
498,201009,CT,16.68
499,201009,ME,NM
500,201009,MA,14.41
501,201009,NH,13.93
502,201009,RI,NM
503,201009,VT,NM
504,201009,Middle Atlantic : electric utility,NM
505,201009,NJ,15.09
506,201009,NY,12.99
507,201009,PA,NM
508,201009,East North Central : electric utility,13.4
509,201009,IL,14.38
510,201009,IN,13.86
511,201009,MI,12.42
512,201009,OH,14.24
513,201009,WI,14.79
514,201009,West North Central : electric utility,NM
515,201009,IA,13.94
516,201009,KS,14
517,201009,MN,14.16
518,201009,MO,13.77
519,201009,NE,13.61
520,201009,ND,13.89
521,201009,SD,NM
522,201009,South Atlantic : electric utility,NM
523,201009,DE,0
524,201009,District Of Columbia : electric utility,--
525,201009,FL,12.87
526,201009,GA,14.6
527,201009,MD,NM
528,201009,NC,13.57
529,201009,SC,10.49
530,201009,VA,11.85
531,201009,WV,16.34
532,201009,East South Central : electric utility,NM
533,201009,AL,12.27
534,201009,KY,14.56
535,201009,MS,NM
536,201009,TN,13.09
537,201009,West South Central : electric utility,NM
538,201009,AR,16.01
539,201009,LA,13.11
540,201009,OK,NM
541,201009,TX,13.86
542,201009,Mountain : electric utility,NM
543,201009,AZ,6.73
544,201009,CO,12.88
545,201009,ID,NM
546,201009,MT,NM
547,201009,NV,16.04
548,201009,NM,15.45
549,201009,UT,15.96
550,201009,WY,15.21
551,201009,Pacific Contiguous : electric utility,15.99
552,201009,CA,15.73
553,201009,OR,0
554,201009,WA,23.27
555,201009,Pacific Noncontiguous : electric utility,13.24
556,201009,AK,15.52
557,201009,HI,12.97
558,201010,US,12.78
559,201010,New England : electric utility,NM
560,201010,CT,NM
561,201010,ME,NM
562,201010,MA,15.6
563,201010,NH,17.87
564,201010,RI,NM
565,201010,VT,NM
566,201010,Middle Atlantic : electric utility,NM
567,201010,NJ,0
568,201010,NY,11.65
569,201010,PA,NM
570,201010,East North Central : electric utility,14.78
571,201010,IL,15.9
572,201010,IN,14.85
573,201010,MI,13.69
574,201010,OH,15.76
575,201010,WI,15.3
576,201010,West North Central : electric utility,NM
577,201010,IA,15.23
578,201010,KS,15.2
579,201010,MN,13.17
580,201010,MO,14.99
581,201010,NE,14.08
582,201010,ND,15.67
583,201010,SD,NM
584,201010,South Atlantic : electric utility,NM
585,201010,DE,0
586,201010,District Of Columbia : electric utility,--
587,201010,FL,11.76
588,201010,GA,13.85
589,201010,MD,NM
590,201010,NC,15.21
591,201010,SC,14.16
592,201010,VA,14.28
593,201010,WV,16.52
594,201010,East South Central : electric utility,15.47
595,201010,AL,13.83
596,201010,KY,16.54
597,201010,MS,15.52
598,201010,TN,14.52
599,201010,West South Central : electric utility,NM
600,201010,AR,15.87
601,201010,LA,15.47
602,201010,OK,NM
603,201010,TX,14.86
604,201010,Mountain : electric utility,NM
605,201010,AZ,16.05
606,201010,CO,14.46
607,201010,ID,NM
608,201010,MT,NM
609,201010,NV,15.29
610,201010,NM,28.81
611,201010,UT,15.32
612,201010,WY,15.27
613,201010,Pacific Contiguous : electric utility,16.09
614,201010,CA,15.9
615,201010,OR,0
616,201010,WA,24.03
617,201010,Pacific Noncontiguous : electric utility,12.98
618,201010,AK,16.54
619,201010,HI,12.61
620,201011,US,12.87
621,201011,New England : electric utility,NM
622,201011,CT,NM
623,201011,ME,NM
624,201011,MA,NM
625,201011,NH,15.75
626,201011,RI,NM
627,201011,VT,NM
628,201011,Middle Atlantic : electric utility,NM
629,201011,NJ,12.44
630,201011,NY,14.94
631,201011,PA,NM
632,201011,East North Central : electric utility,14.14
633,201011,IL,16.23
634,201011,IN,15.2
635,201011,MI,12.72
636,201011,OH,15.25
637,201011,WI,15.81
638,201011,West North Central : electric utility,NM
639,201011,IA,15.34
640,201011,KS,NM
641,201011,MN,13.87
642,201011,MO,15.15
643,201011,NE,15.49
644,201011,ND,15.49
645,201011,SD,NM
646,201011,South Atlantic : electric utility,NM
647,201011,DE,0
648,201011,District Of Columbia : electric utility,--
649,201011,FL,12.35
650,201011,GA,15.17
651,201011,MD,NM
652,201011,NC,15.11
653,201011,SC,13.05
654,201011,VA,12.99
655,201011,WV,16.42
656,201011,East South Central : electric utility,15.41
657,201011,AL,13.99
658,201011,KY,16.4
659,201011,MS,15.43
660,201011,TN,14.62
661,201011,West South Central : electric utility,NM
662,201011,AR,15.8
663,201011,LA,15.33
664,201011,OK,NM
665,201011,TX,12.79
666,201011,Mountain : electric utility,NM
667,201011,AZ,13.05
668,201011,CO,13.24
669,201011,ID,NM
670,201011,MT,NM
671,201011,NV,NM
672,201011,NM,15.57
673,201011,UT,17.07
674,201011,WY,16.46
675,201011,Pacific Contiguous : electric utility,17.18
676,201011,CA,16.08
677,201011,OR,0
678,201011,WA,17.89
679,201011,Pacific Noncontiguous : electric utility,12.63
680,201011,AK,16.03
681,201011,HI,12.1
682,201012,US,13.33
683,201012,New England : electric utility,NM
684,201012,CT,NM
685,201012,ME,NM
686,201012,MA,15.24
687,201012,NH,15.15
688,201012,RI,NM
689,201012,VT,NM
690,201012,Middle Atlantic : electric utility,NM
691,201012,NJ,15.23
692,201012,NY,12.16
693,201012,PA,NM
694,201012,East North Central : electric utility,14.57
695,201012,IL,15.8
696,201012,IN,14.99
697,201012,MI,13.59
698,201012,OH,14.78
699,201012,WI,15.41
700,201012,West North Central : electric utility,NM
701,201012,IA,14.67
702,201012,KS,15.32
703,201012,MN,15.98
704,201012,MO,15.1
705,201012,NE,15.99
706,201012,ND,15.85
707,201012,SD,NM
708,201012,South Atlantic : electric utility,NM
709,201012,DE,0
710,201012,District Of Columbia : electric utility,--
711,201012,FL,10.66
712,201012,GA,15.86
713,201012,MD,NM
714,201012,NC,14.82
715,201012,SC,14.61
716,201012,VA,14.34
717,201012,WV,16.15
718,201012,East South Central : electric utility,NM
719,201012,AL,15.06
720,201012,KY,16.9
721,201012,MS,NM
722,201012,TN,14.04
723,201012,West South Central : electric utility,14.81
724,201012,AR,15.4
725,201012,LA,8.81
726,201012,OK,15.02
727,201012,TX,14.91
728,201012,Mountain : electric utility,NM
729,201012,AZ,17.93
730,201012,CO,15.93
731,201012,ID,NM
732,201012,MT,NM
733,201012,NV,15.08
734,201012,NM,19.11
735,201012,UT,16.05
736,201012,WY,17.4
737,201012,Pacific Contiguous : electric utility,16.57
738,201012,CA,16.82
739,201012,OR,0
740,201012,WA,16.28
741,201012,Pacific Noncontiguous : electric utility,13.43
742,201012,AK,16.09
743,201012,HI,13.0
