,month,states,coal_cost
0,201201,US,16.98
1,201201,New England : electric utility,NM
2,201201,CT,20.58
3,201201,ME,NM
4,201201,MA,NM
5,201201,NH,NM
6,201201,RI,NM
7,201201,VT,NM
8,201201,Middle Atlantic : electric utility,16.6
9,201201,NJ,NM
10,201201,NY,20.12
11,201201,PA,NM
12,201201,East North Central : electric utility,19.5
13,201201,IL,NM
14,201201,IN,19.72
15,201201,MI,NM
16,201201,OH,19.67
17,201201,WI,NM
18,201201,West North Central : electric utility,NM
19,201201,IA,NM
20,201201,KS,NM
21,201201,MN,NM
22,201201,MO,NM
23,201201,NE,NM
24,201201,ND,NM
25,201201,SD,NM
26,201201,South Atlantic : electric utility,15.79
27,201201,DE,NM
28,201201,District Of Columbia : electric utility,--
29,201201,FL,14.54
30,201201,GA,20.55
31,201201,MD,NM
32,201201,NC,19.61
33,201201,SC,19.18
34,201201,VA,15.61
35,201201,WV,20.37
36,201201,East South Central : electric utility,18.89
37,201201,AL,18.49
38,201201,KY,18.99
39,201201,MS,NM
40,201201,TN,18.86
41,201201,West South Central : electric utility,NM
42,201201,AR,16.12
43,201201,LA,NM
44,201201,OK,NM
45,201201,TX,NM
46,201201,Mountain : electric utility,20.36
47,201201,AZ,20.22
48,201201,CO,NM
49,201201,ID,NM
50,201201,MT,NM
51,201201,NV,NM
52,201201,NM,21.51
53,201201,UT,NM
54,201201,WY,19.01
55,201201,Pacific Contiguous : electric utility,19.79
56,201201,CA,19.8
57,201201,OR,0
58,201201,WA,NM
59,201201,Pacific Noncontiguous : electric utility,17.36
60,201201,AK,19.83
61,201201,HI,16.86
62,201202,US,18.27
63,201202,New England : electric utility,NM
64,201202,CT,NM
65,201202,ME,NM
66,201202,MA,NM
67,201202,NH,NM
68,201202,RI,NM
69,201202,VT,NM
70,201202,Middle Atlantic : electric utility,NM
71,201202,NJ,NM
72,201202,NY,21.13
73,201202,PA,NM
74,201202,East North Central : electric utility,20.27
75,201202,IL,NM
76,201202,IN,19.05
77,201202,MI,20.31
78,201202,OH,20.8
79,201202,WI,NM
80,201202,West North Central : electric utility,20.89
81,201202,IA,21.17
82,201202,KS,20.64
83,201202,MN,NM
84,201202,MO,20.63
85,201202,NE,NM
86,201202,ND,21.38
87,201202,SD,NM
88,201202,South Atlantic : electric utility,18.72
89,201202,DE,NM
90,201202,District Of Columbia : electric utility,--
91,201202,FL,20.44
92,201202,GA,21.91
93,201202,MD,NM
94,201202,NC,20.41
95,201202,SC,16.49
96,201202,VA,16.31
97,201202,WV,22.43
98,201202,East South Central : electric utility,14.23
99,201202,AL,19.32
100,201202,KY,21.61
101,201202,MS,10.04
102,201202,TN,20.27
103,201202,West South Central : electric utility,17.43
104,201202,AR,16.23
105,201202,LA,9.16
106,201202,OK,NM
107,201202,TX,21.17
108,201202,Mountain : electric utility,21.5
109,201202,AZ,22.55
110,201202,CO,21.07
111,201202,ID,NM
112,201202,MT,NM
113,201202,NV,21.24
114,201202,NM,22.85
115,201202,UT,21.3
116,201202,WY,20.86
117,201202,Pacific Contiguous : electric utility,21.72
118,201202,CA,20.53
119,201202,OR,0
120,201202,WA,NM
121,201202,Pacific Noncontiguous : electric utility,18.0
122,201202,AK,20.31
123,201202,HI,17.56
124,201203,US,19.55
125,201203,New England : electric utility,NM
126,201203,CT,NM
127,201203,ME,NM
128,201203,MA,NM
129,201203,NH,NM
130,201203,RI,NM
131,201203,VT,NM
132,201203,Middle Atlantic : electric utility,17.97
133,201203,NJ,NM
134,201203,NY,17.96
135,201203,PA,NM
136,201203,East North Central : electric utility,22.82
137,201203,IL,NM
138,201203,IN,21.75
139,201203,MI,22.87
140,201203,OH,23.21
141,201203,WI,NM
142,201203,West North Central : electric utility,23.25
143,201203,IA,23.1
144,201203,KS,NM
145,201203,MN,NM
146,201203,MO,22.74
147,201203,NE,23.06
148,201203,ND,24.45
149,201203,SD,NM
150,201203,South Atlantic : electric utility,19.35
151,201203,DE,NM
152,201203,District Of Columbia : electric utility,--
153,201203,FL,19.25
154,201203,GA,23.48
155,201203,MD,NM
156,201203,NC,22.58
157,201203,SC,20.04
158,201203,VA,17.27
159,201203,WV,24.23
160,201203,East South Central : electric utility,23.64
161,201203,AL,22.36
162,201203,KY,24.33
163,201203,MS,NM
164,201203,TN,22.7
165,201203,West South Central : electric utility,NM
166,201203,AR,NM
167,201203,LA,NM
168,201203,OK,NM
169,201203,TX,NM
170,201203,Mountain : electric utility,24.27
171,201203,AZ,25.99
172,201203,CO,NM
173,201203,ID,NM
174,201203,MT,NM
175,201203,NV,24.47
176,201203,NM,26.92
177,201203,UT,23.51
178,201203,WY,23.26
179,201203,Pacific Contiguous : electric utility,23.13
180,201203,CA,22.66
181,201203,OR,0
182,201203,WA,NM
183,201203,Pacific Noncontiguous : electric utility,19.23
184,201203,AK,23.19
185,201203,HI,18.78
186,201204,US,20.3
187,201204,New England : electric utility,NM
188,201204,CT,NM
189,201204,ME,NM
190,201204,MA,NM
191,201204,NH,NM
192,201204,RI,NM
193,201204,VT,NM
194,201204,Middle Atlantic : electric utility,24.03
195,201204,NJ,NM
196,201204,NY,24.03
197,201204,PA,NM
198,201204,East North Central : electric utility,24.25
199,201204,IL,NM
200,201204,IN,23.81
201,201204,MI,24.31
202,201204,OH,24.32
203,201204,WI,NM
204,201204,West North Central : electric utility,24.36
205,201204,IA,24.71
206,201204,KS,NM
207,201204,MN,NM
208,201204,MO,23.68
209,201204,NE,24.21
210,201204,ND,25.37
211,201204,SD,25.91
212,201204,South Atlantic : electric utility,18.66
213,201204,DE,NM
214,201204,District Of Columbia : electric utility,--
215,201204,FL,18.35
216,201204,GA,23.89
217,201204,MD,NM
218,201204,NC,23.71
219,201204,SC,22.03
220,201204,VA,17.88
221,201204,WV,25.78
222,201204,East South Central : electric utility,24.03
223,201204,AL,24.16
224,201204,KY,23.97
225,201204,MS,NM
226,201204,TN,23.89
227,201204,West South Central : electric utility,22.35
228,201204,AR,NM
229,201204,LA,22.8
230,201204,OK,NM
231,201204,TX,21.71
232,201204,Mountain : electric utility,26.21
233,201204,AZ,27.01
234,201204,CO,NM
235,201204,ID,NM
236,201204,MT,NM
237,201204,NV,NM
238,201204,NM,28.58
239,201204,UT,24.98
240,201204,WY,26.67
241,201204,Pacific Contiguous : electric utility,25.14
242,201204,CA,NM
243,201204,OR,25.29
244,201204,WA,NM
245,201204,Pacific Noncontiguous : electric utility,20.7
246,201204,AK,25.35
247,201204,HI,20.2
248,201205,US,19.03
249,201205,New England : electric utility,NM
250,201205,CT,NM
251,201205,ME,NM
252,201205,MA,NM
253,201205,NH,NM
254,201205,RI,NM
255,201205,VT,NM
256,201205,Middle Atlantic : electric utility,NM
257,201205,NJ,NM
258,201205,NY,23.31
259,201205,PA,NM
260,201205,East North Central : electric utility,23.08
261,201205,IL,NM
262,201205,IN,22.91
263,201205,MI,23.55
264,201205,OH,22.59
265,201205,WI,NM
266,201205,West North Central : electric utility,23.42
267,201205,IA,23.52
268,201205,KS,NM
269,201205,MN,NM
270,201205,MO,22.8
271,201205,NE,NM
272,201205,ND,24.43
273,201205,SD,NM
274,201205,South Atlantic : electric utility,16.63
275,201205,DE,NM
276,201205,District Of Columbia : electric utility,--
277,201205,FL,16.33
278,201205,GA,NM
279,201205,MD,NM
280,201205,NC,21.84
281,201205,SC,19.8
282,201205,VA,18.43
283,201205,WV,23.25
284,201205,East South Central : electric utility,23.34
285,201205,AL,22.35
286,201205,KY,24.53
287,201205,MS,NM
288,201205,TN,22.26
289,201205,West South Central : electric utility,24.58
290,201205,AR,22.84
291,201205,LA,NM
292,201205,OK,NM
293,201205,TX,28.56
294,201205,Mountain : electric utility,24.8
295,201205,AZ,24.45
296,201205,CO,NM
297,201205,ID,NM
298,201205,MT,NM
299,201205,NV,NM
300,201205,NM,26.81
301,201205,UT,23.95
302,201205,WY,25.5
303,201205,Pacific Contiguous : electric utility,25.93
304,201205,CA,25.98
305,201205,OR,NM
306,201205,WA,NM
307,201205,Pacific Noncontiguous : electric utility,21.84
308,201205,AK,24.64
309,201205,HI,21.55
310,201206,US,21.88
311,201206,New England : electric utility,NM
312,201206,CT,NM
313,201206,ME,NM
314,201206,MA,NM
315,201206,NH,NM
316,201206,RI,NM
317,201206,VT,NM
318,201206,Middle Atlantic : electric utility,22.96
319,201206,NJ,NM
320,201206,NY,22.97
321,201206,PA,NM
322,201206,East North Central : electric utility,23.13
323,201206,IL,NM
324,201206,IN,22.44
325,201206,MI,23.24
326,201206,OH,23.35
327,201206,WI,NM
328,201206,West North Central : electric utility,23
329,201206,IA,23.07
330,201206,KS,NM
331,201206,MN,NM
332,201206,MO,23.12
333,201206,NE,23.3
334,201206,ND,21.44
335,201206,SD,NM
336,201206,South Atlantic : electric utility,21.14
337,201206,DE,NM
338,201206,District Of Columbia : electric utility,--
339,201206,FL,21.48
340,201206,GA,23.44
341,201206,MD,NM
342,201206,NC,22.68
343,201206,SC,23.0
344,201206,VA,18.28
345,201206,WV,24.32
346,201206,East South Central : electric utility,23.84
347,201206,AL,22.6
348,201206,KY,25.2
349,201206,MS,NM
350,201206,TN,22.16
351,201206,West South Central : electric utility,23.82
352,201206,AR,23.28
353,201206,LA,NM
354,201206,OK,NM
355,201206,TX,24.07
356,201206,Mountain : electric utility,23.25
357,201206,AZ,23.66
358,201206,CO,NM
359,201206,ID,NM
360,201206,MT,NM
361,201206,NV,24.57
362,201206,NM,25.85
363,201206,UT,22.1
364,201206,WY,24.06
365,201206,Pacific Contiguous : electric utility,NM
366,201206,CA,NM
367,201206,OR,NM
368,201206,WA,NM
369,201206,Pacific Noncontiguous : electric utility,22.25
370,201206,AK,24.18
371,201206,HI,22.07
372,201207,US,21.86
373,201207,New England : electric utility,NM
374,201207,CT,NM
375,201207,ME,NM
376,201207,MA,NM
377,201207,NH,NM
378,201207,RI,NM
379,201207,VT,NM
380,201207,Middle Atlantic : electric utility,23.67
381,201207,NJ,NM
382,201207,NY,23.67
383,201207,PA,NM
384,201207,East North Central : electric utility,23.2
385,201207,IL,NM
386,201207,IN,22.73
387,201207,MI,23.37
388,201207,OH,23.62
389,201207,WI,NM
390,201207,West North Central : electric utility,23.13
391,201207,IA,23.82
392,201207,KS,NM
393,201207,MN,NM
394,201207,MO,22.23
395,201207,NE,NM
396,201207,ND,24.57
397,201207,SD,NM
398,201207,South Atlantic : electric utility,21.25
399,201207,DE,NM
400,201207,District Of Columbia : electric utility,--
401,201207,FL,23.09
402,201207,GA,24
403,201207,MD,NM
404,201207,NC,22.84
405,201207,SC,23.54
406,201207,VA,17.47
407,201207,WV,24.57
408,201207,East South Central : electric utility,22.93
409,201207,AL,23.02
410,201207,KY,22.78
411,201207,MS,NM
412,201207,TN,23.11
413,201207,West South Central : electric utility,23.81
414,201207,AR,23.53
415,201207,LA,NM
416,201207,OK,NM
417,201207,TX,23.98
418,201207,Mountain : electric utility,24.17
419,201207,AZ,25.84
420,201207,CO,NM
421,201207,ID,NM
422,201207,MT,NM
423,201207,NV,23.64
424,201207,NM,23.15
425,201207,UT,23.37
426,201207,WY,24.9
427,201207,Pacific Contiguous : electric utility,23.08
428,201207,CA,NM
429,201207,OR,22.08
430,201207,WA,NM
431,201207,Pacific Noncontiguous : electric utility,21.51
432,201207,AK,24.62
433,201207,HI,21.26
434,201208,US,20.63
435,201208,New England : electric utility,NM
436,201208,CT,NM
437,201208,ME,NM
438,201208,MA,NM
439,201208,NH,NM
440,201208,RI,NM
441,201208,VT,NM
442,201208,Middle Atlantic : electric utility,18.38
443,201208,NJ,NM
444,201208,NY,18.38
445,201208,PA,NM
446,201208,East North Central : electric utility,22.44
447,201208,IL,NM
448,201208,IN,21.88
449,201208,MI,22.15
450,201208,OH,22.51
451,201208,WI,NM
452,201208,West North Central : electric utility,21.65
453,201208,IA,22.27
454,201208,KS,NM
455,201208,MN,NM
456,201208,MO,20.53
457,201208,NE,NM
458,201208,ND,24.31
459,201208,SD,NM
460,201208,South Atlantic : electric utility,19.22
461,201208,DE,NM
462,201208,District Of Columbia : electric utility,--
463,201208,FL,22.75
464,201208,GA,23.09
465,201208,MD,NM
466,201208,NC,21.94
467,201208,SC,22.15
468,201208,VA,17.27
469,201208,WV,23.68
470,201208,East South Central : electric utility,22.17
471,201208,AL,22.77
472,201208,KY,22.35
473,201208,MS,NM
474,201208,TN,21.34
475,201208,West South Central : electric utility,22.23
476,201208,AR,22.3
477,201208,LA,21.64
478,201208,OK,NM
479,201208,TX,24.28
480,201208,Mountain : electric utility,21.21
481,201208,AZ,19.71
482,201208,CO,NM
483,201208,ID,NM
484,201208,MT,NM
485,201208,NV,NM
486,201208,NM,21.22
487,201208,UT,NM
488,201208,WY,22.48
489,201208,Pacific Contiguous : electric utility,23.58
490,201208,CA,23.59
491,201208,OR,0
492,201208,WA,NM
493,201208,Pacific Noncontiguous : electric utility,20.86
494,201208,AK,22.63
495,201208,HI,20.69
496,201209,US,20.94
497,201209,New England : electric utility,NM
498,201209,CT,NM
499,201209,ME,NM
500,201209,MA,NM
501,201209,NH,NM
502,201209,RI,NM
503,201209,VT,NM
504,201209,Middle Atlantic : electric utility,22.68
505,201209,NJ,NM
506,201209,NY,22.68
507,201209,PA,NM
508,201209,East North Central : electric utility,22.38
509,201209,IL,NM
510,201209,IN,21.62
511,201209,MI,22.74
512,201209,OH,22.85
513,201209,WI,NM
514,201209,West North Central : electric utility,22.49
515,201209,IA,22.83
516,201209,KS,NM
517,201209,MN,NM
518,201209,MO,20.2
519,201209,NE,NM
520,201209,ND,23.99
521,201209,SD,23.75
522,201209,South Atlantic : electric utility,18.67
523,201209,DE,NM
524,201209,District Of Columbia : electric utility,--
525,201209,FL,17.67
526,201209,GA,22.95
527,201209,MD,NM
528,201209,NC,22.07
529,201209,SC,21.47
530,201209,VA,16.61
531,201209,WV,23.16
532,201209,East South Central : electric utility,21.46
533,201209,AL,22.21
534,201209,KY,22.64
535,201209,MS,22.26
536,201209,TN,NM
537,201209,West South Central : electric utility,18.56
538,201209,AR,NM
539,201209,LA,NM
540,201209,OK,15.44
541,201209,TX,21.68
542,201209,Mountain : electric utility,23.66
543,201209,AZ,24.5
544,201209,CO,NM
545,201209,ID,NM
546,201209,MT,NM
547,201209,NV,25.41
548,201209,NM,24.14
549,201209,UT,23.75
550,201209,WY,24.34
551,201209,Pacific Contiguous : electric utility,23.72
552,201209,CA,23.73
553,201209,OR,0
554,201209,WA,NM
555,201209,Pacific Noncontiguous : electric utility,21.46
556,201209,AK,23.77
557,201209,HI,21.24
558,201210,US,21.63
559,201210,New England : electric utility,NM
560,201210,CT,NM
561,201210,ME,NM
562,201210,MA,22.93
563,201210,NH,NM
564,201210,RI,NM
565,201210,VT,NM
566,201210,Middle Atlantic : electric utility,NM
567,201210,NJ,NM
568,201210,NY,NM
569,201210,PA,NM
570,201210,East North Central : electric utility,22.57
571,201210,IL,NM
572,201210,IN,22.05
573,201210,MI,22.9
574,201210,OH,22.19
575,201210,WI,NM
576,201210,West North Central : electric utility,22.04
577,201210,IA,22.1
578,201210,KS,22.23
579,201210,MN,NM
580,201210,MO,20.56
581,201210,NE,NM
582,201210,ND,24.3
583,201210,SD,NM
584,201210,South Atlantic : electric utility,22.22
585,201210,DE,NM
586,201210,District Of Columbia : electric utility,--
587,201210,FL,22.08
588,201210,GA,22.86
589,201210,MD,NM
590,201210,NC,22.52
591,201210,SC,22.45
592,201210,VA,18.82
593,201210,WV,23.01
594,201210,East South Central : electric utility,21.96
595,201210,AL,22.04
596,201210,KY,21.97
597,201210,MS,NM
598,201210,TN,NM
599,201210,West South Central : electric utility,21.19
600,201210,AR,22.31
601,201210,LA,20.96
602,201210,OK,NM
603,201210,TX,22.55
604,201210,Mountain : electric utility,23.33
605,201210,AZ,23.04
606,201210,CO,NM
607,201210,ID,NM
608,201210,MT,NM
609,201210,NV,23.85
610,201210,NM,24.0
611,201210,UT,23.75
612,201210,WY,24.32
613,201210,Pacific Contiguous : electric utility,NM
614,201210,CA,NM
615,201210,OR,0
616,201210,WA,NM
617,201210,Pacific Noncontiguous : electric utility,21.55
618,201210,AK,23.37
619,201210,HI,21.3
620,201211,US,21.75
621,201211,New England : electric utility,NM
622,201211,CT,NM
623,201211,ME,NM
624,201211,MA,NM
625,201211,NH,NM
626,201211,RI,NM
627,201211,VT,NM
628,201211,Middle Atlantic : electric utility,18.94
629,201211,NJ,NM
630,201211,NY,18.9
631,201211,PA,NM
632,201211,East North Central : electric utility,23
633,201211,IL,NM
634,201211,IN,22.84
635,201211,MI,23.86
636,201211,OH,22.6
637,201211,WI,NM
638,201211,West North Central : electric utility,23.91
639,201211,IA,24.46
640,201211,KS,NM
641,201211,MN,NM
642,201211,MO,22.44
643,201211,NE,24.51
644,201211,ND,23.49
645,201211,SD,24.93
646,201211,South Atlantic : electric utility,22.96
647,201211,DE,NM
648,201211,District Of Columbia : electric utility,--
649,201211,FL,22.23
650,201211,GA,23.95
651,201211,MD,NM
652,201211,NC,23.04
653,201211,SC,22.96
654,201211,VA,21.02
655,201211,WV,24.91
656,201211,East South Central : electric utility,NM
657,201211,AL,22.06
658,201211,KY,23.19
659,201211,MS,NM
660,201211,TN,NM
661,201211,West South Central : electric utility,NM
662,201211,AR,NM
663,201211,LA,NM
664,201211,OK,NM
665,201211,TX,22.7
666,201211,Mountain : electric utility,25.56
667,201211,AZ,23.98
668,201211,CO,NM
669,201211,ID,NM
670,201211,MT,NM
671,201211,NV,26.63
672,201211,NM,25.17
673,201211,UT,26.01
674,201211,WY,23.59
675,201211,Pacific Contiguous : electric utility,26.7
676,201211,CA,NM
677,201211,OR,0
678,201211,WA,28.04
679,201211,Pacific Noncontiguous : electric utility,21.48
680,201211,AK,24.22
681,201211,HI,21.06
682,201212,US,21.94
683,201212,New England : electric utility,NM
684,201212,CT,NM
685,201212,ME,NM
686,201212,MA,NM
687,201212,NH,NM
688,201212,RI,NM
689,201212,VT,NM
690,201212,Middle Atlantic : electric utility,22.23
691,201212,NJ,NM
692,201212,NY,22.23
693,201212,PA,NM
694,201212,East North Central : electric utility,21.23
695,201212,IL,NM
696,201212,IN,20.39
697,201212,MI,NM
698,201212,OH,22.03
699,201212,WI,NM
700,201212,West North Central : electric utility,21.62
701,201212,IA,21.66
702,201212,KS,NM
703,201212,MN,NM
704,201212,MO,21.14
705,201212,NE,21.59
706,201212,ND,23.46
707,201212,SD,18.3
708,201212,South Atlantic : electric utility,22.14
709,201212,DE,NM
710,201212,District Of Columbia : electric utility,0
711,201212,FL,21.88
712,201212,GA,22.81
713,201212,MD,NM
714,201212,NC,21.61
715,201212,SC,21.97
716,201212,VA,21.01
717,201212,WV,22.48
718,201212,East South Central : electric utility,21.41
719,201212,AL,21.58
720,201212,KY,21.75
721,201212,MS,NM
722,201212,TN,21.29
723,201212,West South Central : electric utility,NM
724,201212,AR,0
725,201212,LA,NM
726,201212,OK,NM
727,201212,TX,22.37
728,201212,Mountain : electric utility,23.15
729,201212,AZ,20.63
730,201212,CO,23.17
731,201212,ID,NM
732,201212,MT,NM
733,201212,NV,23.85
734,201212,NM,24.8
735,201212,UT,24.05
736,201212,WY,25.03
737,201212,Pacific Contiguous : electric utility,NM
738,201212,CA,NM
739,201212,OR,0
740,201212,WA,NM
741,201212,Pacific Noncontiguous : electric utility,22.05
742,201212,AK,23.08
743,201212,HI,21.87
