,State,Year,TotalMonthlyPrecip,TempSummer,TempWinter,Avgwindspeed
0,AK,1996,2.3262499999999995,55.0,31.32,13.684615384615386
1,AK,1997,5.6046153846153866,53.38696969696969,27.537820512820517,9.979629629629631
2,AK,1998,2.905820895522389,53.293705024097186,17.716719576719576,8.070059880239523
3,AK,1999,3.389773299748108,54.31656456456457,8.305728899631339,8.38202247191011
4,AK,2000,3.0183421052631583,52.225,20.123255813953488,8.205013192612137
5,AK,2001,2.844637964774949,53.2878393570254,15.282610993657508,8.080038759689925
6,AK,2002,2.877344753747325,54.825,13.759523809523811,8.034435797665365
7,AK,2003,2.2960132890365443,52.30232558139534,12.611627906976745,8.039039665970773
8,AK,2004,2.904050104384133,58.32727272727273,15.888372093023259,8.078968253968252
9,AK,2005,3.0677949709864616,54.7939091915836,16.910694150810432,7.828205128205117
10,AK,2006,2.9020178041543017,55.584210526315786,3.650000000000001,7.858994197292078
11,AK,2007,2.877882653061224,52.64878048780488,9.27906976744186,7.440127388535031
12,AK,2008,2.9922844827586235,53.36829268292683,7.904878048780488,7.203303964757709
13,AK,2009,2.5675287356321825,53.73965765167856,11.596736675700093,7.488822355289417
14,AK,2010,2.602773851590104,51.265465789563855,14.299109351806038,7.43196078431373
15,AK,2011,2.936537785588752,52.65565217391305,21.361253640319322,7.7938223938223885
16,AK,2012,2.657715827338127,52.68840067340068,7.825705279747832,7.511195445920294
17,AK,2013,2.9911111111111115,55.79766233766235,15.73150929585712,7.562595419847327
18,AK,2014,3.0503107861060315,53.35281922569157,18.541134339914827,7.642743538767399
19,AK,2015,3.2585582255083176,54.67323361118512,16.39704196217494,8.024063116370803
20,AK,2016,2.9438589981447114,56.16227208848996,19.93927316644708,8.147628458498021
21,AL,1996,4.178260869565217,80.23333333333333,50.26000000000001,6.590909090909093
22,AL,1997,4.0184931506849315,78.34285714285714,47.41333333333333,6.549253731343286
23,AL,1998,3.1059803921568596,81.32962962962962,50.230952380952395,6.044210526315791
24,AL,1999,3.2965573770491807,77.2369696969697,49.48484848484849,5.706976744186051
25,AL,2000,2.3541000000000003,82.17272727272727,39.216666666666654,5.953191489361704
26,AL,2001,4.057284768211917,78.58717948717948,48.401282051282045,5.498648648648648
27,AL,2002,3.815281690140844,81.04615384615384,46.10000000000001,5.839455782312926
28,AL,2003,5.06,76.4846153846154,44.94615384615385,5.659459459459461
29,AL,2004,4.298531468531468,80.11538461538461,45.8923076923077,5.950000000000001
30,AL,2005,3.863986928104575,80.33846153846154,48.84358974358975,5.763870967741936
31,AL,2006,3.7188235294117638,79.86794871794872,51.11196581196581,5.954088050314464
32,AL,2007,3.2451298701298708,85.66666666666667,46.785714285714285,5.222155688622755
33,AL,2008,3.8331937172774895,81.5,44.9470588235294,5.688888888888882
34,AL,2009,5.0613839285714315,77.64395424836603,49.16842691622104,5.3201086956521815
35,AL,2010,3.617374100719425,81.19287439613527,45.23315217391305,5.024719101123597
36,AL,2011,3.745034482758623,79.05754830917873,47.61284584980237,5.253475935828875
37,AL,2012,4.025098684210528,79.60621980676328,52.31791567852438,4.87536231884058
38,AL,2013,4.882240259740263,78.85852287581696,50.14431818181817,5.110407239819007
39,AL,2014,4.385695792880261,78.70677777777777,45.63808661145618,5.143396226415095
40,AL,2015,4.754749999999998,80.96203703703705,49.14460249554367,5.4201005025125655
41,AL,2016,3.412129963898918,81.51873913043478,48.164444444444456,5.380392156862744
42,AR,1996,5.17909090909091,79.7,46.90000000000001,6.354545454545455
43,AR,1997,3.1520689655172416,78.0888888888889,42.92222222222222,6.3741935483870975
44,AR,1998,3.7126086956521727,82.64444444444443,47.56666666666666,6.782608695652171
45,AR,1999,2.8063559322033886,79.91909090909091,46.0517255892256,6.250413223140493
46,AR,2000,3.1802752293577985,79.98181818181818,32.03333333333333,6.404901960784314
47,AR,2001,3.4710055865921783,79.65333333333331,41.48444444444445,5.880337078651687
48,AR,2002,3.2398765432098773,80.96000000000002,39.0,6.272067039106141
49,AR,2003,3.781949152542373,73.61176470588236,39.53124999999999,6.317587939698488
50,AR,2004,3.812771739130435,78.32941176470591,39.24705882352941,6.239175257731957
51,AR,2005,2.3230769230769246,80.69529411764707,46.327328431372564,5.991499999999999
52,AR,2006,3.4437956204379554,82.16470588235292,41.470588235294116,6.374257425742576
53,AR,2007,2.9726451612903233,83.2,42.482352941176465,5.6320855614973295
54,AR,2008,3.7964705882352936,81.39411764705879,39.05882352941176,6.373333333333334
55,AR,2009,4.648910891089113,75.36209150326799,44.547338935574224,5.851546391752576
56,AR,2010,2.728627450980392,80.72549019607844,42.20196078431373,5.605500000000003
57,AR,2011,3.745485436893205,84.18511904761907,41.79166666666666,6.1696517412935306
58,AR,2012,2.6990688259109312,81.66237745098039,46.4579656862745,5.928906249999999
59,AR,2013,3.7086345381526087,78.3173202614379,43.292524509803926,5.5992619926199225
60,AR,2014,3.207110266159696,76.2562091503268,39.679629629629616,6.025830258302581
61,AR,2015,4.675137254901963,80.09738562091503,42.513507625272325,5.803773584905658
62,AR,2016,3.5144855967078152,81.3029411764706,43.86877228163993,5.7425373134328375
63,AZ,1996,0.8863157894736841,83.31428571428572,44.21666666666667,7.275675675675679
64,AZ,1997,0.6351190476190477,76.73571428571428,43.280952380952385,7.011842105263157
65,AZ,1998,0.8318627450980393,73.62824074074075,43.94166666666666,6.869902912621359
66,AZ,1999,0.5368181818181817,76.91517094017094,44.7945868945869,6.786764705882352
67,AZ,2000,0.7376666666666669,80.83846153846154,42.97857142857143,6.872881355932205
68,AZ,2001,0.6794117647058822,77.84761904761903,40.321428571428584,6.705917159763312
69,AZ,2002,0.511890243902439,80.12666666666667,46.236984126984126,6.8872222222222215
70,AZ,2003,0.6011538461538459,77.28666666666666,39.00666666666667,6.813872832369943
71,AZ,2004,0.8793939393939395,80.42666666666669,41.84000000000001,6.908771929824562
72,AZ,2005,0.921314285714286,78.57142857142857,47.0,6.617318435754187
73,AZ,2006,0.6718243243243245,78.27638888888889,45.18956699346406,6.719892473118279
74,AZ,2007,0.7925161290322578,80.03124999999999,43.5,6.537430167597762
75,AZ,2008,0.7189947089947091,81.70588235294119,41.164705882352955,6.7653631284916225
76,AZ,2009,0.5009545454545453,79.57411764705881,47.19867202729045,6.720673076923079
77,AZ,2010,0.9119067796610166,79.99666666666666,45.61071723426213,6.672307692307693
78,AZ,2011,0.7448497854077254,80.63517543859649,45.15412280701754,6.661025641025642
79,AZ,2012,0.6131932773109248,79.01473684210526,48.61140350877192,6.363636363636366
80,AZ,2013,0.9037500000000004,81.13849902534116,42.34105263157894,6.465326633165827
81,AZ,2014,0.8899576271186439,80.23535087719297,48.57295321637425,6.676354679802952
82,AZ,2015,1.0105106382978726,79.18203703703703,45.76867102396513,6.634134615384619
83,AZ,2016,0.8833936651583713,81.14458204334366,47.72776315789474,6.952657004830915
84,CA,1996,1.9486956521739127,79.1125,48.65,6.7714285714285705
85,CA,1997,1.049120879120879,72.42875,49.998375350140066,7.219999999999996
86,CA,1998,1.4444370860927134,71.82384643779994,47.826694444444456,6.6280193236715
87,CA,1999,0.7750946643717712,69.6861111111111,50.070266302978524,6.497712418300653
88,CA,2000,1.2084745762711848,70.05789473684213,50.10468750000001,6.367120622568087
89,CA,2001,1.2164108618654057,71.50234741784041,48.4453655264923,6.5250299401197545
90,CA,2002,0.5089189189189176,73.51408450704227,47.457746478873226,6.564726840855111
91,CA,2003,1.640101214574898,69.11408450704228,49.454285714285724,6.412165450121652
92,CA,2004,1.2254204398447608,73.91,49.41690140845072,6.591687041564793
93,CA,2005,1.644865196078431,72.4807429029304,51.719084249084254,6.323281061519897
94,CA,2006,1.2344781144781145,73.93211788211788,49.63748858447488,6.232727272727273
95,CA,2007,0.7485040431266853,75.06666666666669,48.56470588235293,6.360526315789478
96,CA,2008,0.8836643835616415,75.15714285714284,47.96124999999999,6.393389423076929
97,CA,2009,0.8731941544885167,72.1936227093967,52.01642121762354,6.044127332601539
98,CA,2010,1.7052012383900923,71.6336695774365,51.54268727053538,6.1462819089900025
99,CA,2011,1.0617373319544974,73.14020021645021,50.73622890295358,5.9737306843267
100,CA,2012,1.2141893252769371,74.11518987341772,52.8490565090836,5.99434167573449
101,CA,2013,0.412637913741223,73.87462719298243,49.343657407407406,5.9471474703982725
102,CA,2014,1.0967439516129025,74.71303886172306,55.50787485384578,6.143973941368079
103,CA,2015,0.7245325203252017,75.4549115648529,52.11156066156065,6.128265524625268
104,CA,2016,1.2703605514316003,74.59577461221905,52.60142978096195,6.430967741935491
105,CO,1996,0.8167741935483872,72.75833333333334,29.53076923076923,8.016216216216216
106,CO,1997,0.936338028169014,68.84083333333334,28.249519230769234,7.950609756097559
107,CO,1998,0.7891959798994979,66.77347781217749,31.70833333333333,7.941148325358847
108,CO,1999,0.9754504504504508,67.26416666666667,33.38201754385965,8.422457627118646
109,CO,2000,0.8766285714285718,69.34,25.860000000000007,8.336363636363636
110,CO,2001,0.9532377049180326,70.175,26.63190476190476,8.090794979079494
111,CO,2002,0.6936086956521746,70.40952380952379,25.952380952380942,8.726400000000002
112,CO,2003,0.9952380952380954,63.257142857142846,27.942857142857147,8.29751037344398
113,CO,2004,1.062857142857143,69.31428571428572,27.54761904761905,8.270325203252026
114,CO,2005,0.9759036144578314,69.09833333333333,32.46666666666667,8.212955465587045
115,CO,2006,1.1444864864864868,67.43309523809522,31.08730158730159,8.324796747967488
116,CO,2007,0.9380198019801986,66.62380952380953,23.61363636363636,8.020434782608696
117,CO,2008,0.8955230125523007,73.09999999999998,21.904545454545456,8.442796610169491
118,CO,2009,1.117121771217712,67.07124542124542,29.11842857142857,7.9850806451612915
119,CO,2010,1.1282165605095542,69.02384615384615,29.111788211788213,8.012749003984066
120,CO,2011,1.0007812499999993,68.80326495726497,24.463897435897433,8.268725868725866
121,CO,2012,0.7262111801242237,71.5428717948718,31.966239316239314,8.23831417624521
122,CO,2013,1.1242499999999995,70.05,24.34430769230769,7.969083969465653
123,CO,2014,1.1355763239875387,67.8355175688509,28.09615384615385,8.495437262357415
124,CO,2015,1.4055379746835426,68.23953846153846,30.426388888888887,7.874045801526719
125,CO,2016,1.0631309904153343,69.45466666666665,28.15340350877193,8.187692307692307
126,CT,1996,3.732941176470588,71.43333333333331,36.966666666666654,6.979999999999999
127,CT,1997,2.68439024390244,70.22777777777777,32.130555555555546,7.594736842105264
128,CT,1998,3.1008928571428584,70.2,35.85,7.0563636363636375
129,CT,1999,2.6284374999999995,66.16333333333334,31.85333333333333,7.280645161290322
130,CT,2000,3.0132258064516133,68.85714285714286,27.42857142857143,7.340322580645161
131,CT,2001,2.550941176470588,69.10952380952382,32.051785714285714,6.7626506024096384
132,CT,2002,3.158295454545453,73.8,34.5,7.192708333333332
133,CT,2003,3.8175,65.5125,24.675,7.1590909090909065
134,CT,2004,3.698588235294116,71.5625,27.8,7.1057471264367855
135,CT,2005,3.7428571428571424,72.04662698412697,29.077976190476193,6.910638297872338
136,CT,2006,3.8522222222222213,72.32083333333333,34.704166666666666,6.931914893617022
137,CT,2007,3.0472222222222216,67.8375,25.8125,6.905747126436781
138,CT,2008,4.360568181818182,74.83749999999998,31.275,6.6818181818181825
139,CT,2009,3.626105263157896,68.76666666666665,29.072023809523806,6.56
140,CT,2010,3.3327083333333323,73.52499999999998,30.087499999999995,6.935416666666668
141,CT,2011,4.185368421052631,72.125,30.554166666666664,6.19578947368421
142,CT,2012,2.908333333333332,72.32916666666667,35.75833333333333,6.197916666666665
143,CT,2013,3.063750000000001,72.2625,32.85833333333333,6.525
144,CT,2014,2.8590625000000003,70.44166666666666,29.54583333333333,7.043617021276597
145,CT,2015,2.470104166666665,72.1875,24.76666666666667,6.9021052631578925
146,CT,2016,2.5595402298850574,73.65083333333334,33.175000000000004,7.1451612903225765
147,DC,1996,5.118333333333333,72.9,38.3,5.633333333333333
148,DC,1997,2.459166666666667,72.86666666666666,36.73333333333333,6.959999999999999
149,DC,1998,2.2943478260869568,76.31666666666669,41.66666666666667,7.381818181818181
150,DC,1999,3.437391304347825,76.2,38.65,7.8708333333333345
151,DC,2000,2.836666666666668,73.25,29.8,7.71764705882353
152,DC,2001,2.7858333333333327,72.86666666666666,38.966666666666654,7.356521739130436
153,DC,2002,2.783636363636364,79.5,40.35,7.7958333333333325
154,DC,2003,4.984615384615385,70.35,15.15,7.5458333333333325
155,DC,2004,2.977727272727273,77.25,36.6,7.445833333333334
156,DC,2005,3.154166666666667,77.55,40.45,7.3869565217391315
157,DC,2006,3.0525,79.55000000000003,37.3,7.708333333333332
158,DC,2007,2.4341176470588235,75.35,15.45,7.481818181818181
159,DC,2008,3.989545454545454,78.8,37.75,7.352380952380952
160,DC,2009,3.862173913043477,74.71666666666668,34.96666666666667,7.5166666666666675
161,DC,2010,2.949565217391304,79.53333333333333,38.8,7.986956521739132
162,DC,2011,3.5066666666666664,78.78333333333333,38.35,7.383333333333333
163,DC,2012,2.8458333333333337,78.48333333333333,41.88333333333333,7.229166666666665
164,DC,2013,3.742500000000001,76.7,39.24999999999999,7.55
165,DC,2014,3.709565217391305,75.45,36.21666666666667,7.504166666666667
166,DC,2015,3.5195833333333346,77.14999999999998,34.43333333333333,7.375
167,DC,2016,2.776666666666667,78.95,37.2,8.016666666666667
168,DE,1996,3.646666666666667,74.2,39.2,7.533333333333334
169,DE,1997,2.029166666666667,72.63333333333334,36.066666666666656,9.28
170,DE,1998,1.8490909090909096,74.05,40.78333333333333,7.559090909090909
171,DE,1999,2.4291666666666663,75.51666666666667,38.316666666666656,7.928571428571425
172,DE,2000,2.681666666666666,72.7,30.85,7.927777777777778
173,DE,2001,2.66,71.68333333333334,38.46666666666667,7.213636363636363
174,DE,2002,2.922727272727272,78.1,18.9,8.02608695652174
175,DE,2003,4.748571428571427,69.8,31.75,7.533333333333334
176,DE,2004,3.550454545454546,76.05000000000003,36.0,7.245833333333331
177,DE,2005,3.130416666666666,75.91666666666667,34.666666666666664,7.575000000000002
178,DE,2006,3.6525,78.3,36.75,7.791666666666668
179,DE,2007,3.0066666666666664,72.75,29.25,7.804545454545454
180,DE,2008,2.99590909090909,78.05,36.40000000000001,7.868181818181819
181,DE,2009,4.3654166666666665,74.23333333333333,35.23333333333333,7.308695652173911
182,DE,2010,3.1133333333333333,78.21666666666665,38.066666666666656,7.6130434782608685
183,DE,2011,2.999166666666667,76.71666666666667,36.78333333333333,7.026086956521738
184,DE,2012,2.2687499999999994,77.0,40.73333333333333,6.954166666666667
185,DE,2013,3.575,75.7,38.03333333333333,7.225
186,DE,2014,3.6987500000000018,73.93333333333334,31.899999999999995,8.291304347826088
187,DE,2015,3.6254166666666654,75.26666666666667,32.416666666666664,7.7083333333333295
188,DE,2016,3.713478260869565,76.88333333333334,36.63333333333333,7.745833333333333
189,FL,1996,3.3145454545454536,80.89999999999998,57.59545454545454,6.689215686274513
190,FL,1997,3.6560546874999984,77.50613636363636,56.37495543672014,6.656250000000003
191,FL,1998,3.607639751552799,80.94865754317368,61.08835978835978,7.051633986928103
192,FL,1999,3.000943396226416,82.06995059575705,64.10588400900903,7.009661835748787
193,FL,2000,2.3577538461538445,82.77567567567566,59.097297297297295,7.3970684039087935
194,FL,2001,3.7701750547045965,80.85137201979308,62.997107633949746,7.265090090090089
195,FL,2002,4.110577367205544,82.05000000000003,61.284615384615364,7.071086956521737
196,FL,2003,3.998673835125449,79.035,57.6625,6.9808888888889005
197,FL,2004,3.831301369863011,82.66,60.2925,7.5689189189189126
198,FL,2005,4.339302832244006,83.428495995996,63.7375,7.544468546637745
199,FL,2006,2.8881232492997198,80.06214995483289,61.383611111111115,7.346249999999998
200,FL,2007,3.695758928571432,84.9,57.827272727272714,7.28036072144288
201,FL,2008,3.9164727954971856,82.24375,59.70000000000002,7.4470703124999975
202,FL,2009,4.022376910016975,82.10272108843539,60.24275793650794,6.902288732394372
203,FL,2010,3.5624525043177915,84.13622931442082,58.27652337530757,7.0410163339382965
204,FL,2011,3.418270547945205,82.84366188504386,61.83549054373521,6.8294434470376935
205,FL,2012,4.241968641114977,81.97483297358411,64.03477274967959,6.939750445632793
206,FL,2013,4.108034482758622,81.50714044483041,65.72925170068028,7.054025044722716
207,FL,2014,4.355017421602783,82.48874014972421,61.259983896940405,6.8648648648648605
208,FL,2015,3.992718978102188,83.20195286195288,63.91297760210804,7.297053406998165
209,FL,2016,4.045860735009671,83.6215667311412,62.85953228737807,7.384944237918219
210,GA,1996,2.6492727272727272,78.34,49.25,5.603508771929825
211,GA,1997,3.3351666666666664,71.20378787878786,47.74757575757576,5.930769230769234
212,GA,1998,3.2740310077519377,80.79393939393941,49.31424242424242,5.8320610687022905
213,GA,1999,2.593521126760564,78.4211111111111,50.57222222222222,5.697202797202796
214,GA,2000,2.521680672268908,80.76923076923076,38.79999999999999,5.57179487179487
215,GA,2001,3.0328358208955217,78.70784313725491,48.65392156862745,5.287179487179486
216,GA,2002,3.2518085106382983,79.66666666666667,48.74705882352941,5.58955223880597
217,GA,2003,4.706050420168067,76.39411764705879,44.20588235294118,5.311274509803924
218,GA,2004,3.608770053475936,80.71764705882352,46.088235294117645,5.645544554455446
219,GA,2005,3.9327319587628846,79.85222222222222,50.19411764705882,5.670792079207921
220,GA,2006,3.0180281690140833,79.09705882352941,51.99411764705883,5.566336633663366
221,GA,2007,2.9789743589743614,83.69999999999997,48.01764705882352,5.191978609625669
222,GA,2008,3.4326701570680616,80.48823529411764,44.59411764705881,5.55215053763441
223,GA,2009,4.861146788990826,77.23081232492997,47.0201680672269,5.244827586206899
224,GA,2010,3.0260483870967736,81.22857142857143,46.08636788048553,5.056435643564357
225,GA,2011,2.8976494023904387,80.2079365079365,48.84285714285714,5.270792079207918
226,GA,2012,3.110238095238097,79.55555555555554,52.022222222222226,4.905392156862745
227,GA,2013,4.741760000000001,78.76563958916901,51.083492063492066,5.191133004926108
228,GA,2014,3.74888888888889,78.59579365079365,47.228968253968254,5.1615763546798
229,GA,2015,4.467510373443983,80.83841269841271,48.95244047619048,5.296551724137928
230,GA,2016,3.2478481012658205,82.28898225957049,49.461111111111116,5.555276381909548
231,HI,1996,2.9473333333333334,80.4,72.3,8.053333333333333
232,HI,1997,1.7700000000000002,79.2,52.4,7.547058823529412
233,HI,1998,2.579298245614036,78.26,72.11999999999998,10.692982456140351
234,HI,1999,2.7940625000000012,76.83412698412698,72.23,10.382352941176471
235,HI,2000,2.461774193548388,79.38571428571426,64.88571428571429,10.094915254237288
236,HI,2001,2.1834523809523807,79.55714285714286,73.40476190476191,10.534146341463414
237,HI,2002,2.8041558441558445,80.11428571428571,71.6,9.686746987951802
238,HI,2003,2.5244897959183668,78.47142857142856,72.1857142857143,9.91184210526316
239,HI,2004,3.4229870129870132,80.54285714285716,73.77142857142857,9.459756097560973
240,HI,2005,2.3798734177215195,79.86666666666666,68.50396825396825,9.8716049382716
241,HI,2006,2.4914285714285707,78.8142857142857,72.77142857142857,9.464285714285717
242,HI,2007,2.2348192771084343,79.72222222222223,72.44285714285716,9.618947368421056
243,HI,2008,1.9483636363636359,78.39,70.72999999999998,8.733009708737862
244,HI,2009,2.430172413793104,79.68703703703704,72.48006734006731,8.831067961165047
245,HI,2010,2.065328467153285,75.36969696969695,70.82984848484848,9.054455445544557
246,HI,2011,2.5491666666666672,75.32484848484847,68.95378787878788,8.130434782608695
247,HI,2012,2.129579831932773,78.6452380952381,70.64388888888887,8.845283018867926
248,HI,2013,2.085508474576271,79.24259259259259,73.21964285714286,8.079439252336451
249,HI,2014,2.9622689075630264,80.34497354497354,72.91851851851851,8.355769230769228
250,HI,2015,3.42008695652174,81.5642857142857,73.58148148148149,8.776530612244898
251,HI,2016,3.057142857142858,80.5827380952381,73.81142857142856,9.618750000000004
252,IA,1996,1.567551020408163,70.325,19.575,9.337037037037037
253,IA,1997,1.4225757575757576,71.18055555555556,22.46452991452992,9.983211678832117
254,IA,1998,1.914836601307188,71.72435897435895,29.174358974358977,9.115131578947368
255,IA,1999,1.5987499999999997,72.34636752136753,26.047785547785548,9.941333333333333
256,IA,2000,1.718306451612904,66.38461538461539,10.62,10.300000000000002
257,IA,2001,2.444833333333333,72.0311111111111,23.504444444444445,9.874157303370787
258,IA,2002,2.3930303030303013,73.17333333333333,30.11333333333333,10.167231638418084
259,IA,2003,2.2798095238095244,68.18666666666665,20.273333333333333,9.943258426966294
260,IA,2004,2.7452727272727278,70.49333333333333,23.493333333333336,10.084916201117316
261,IA,2005,1.860677966101695,73.61025641025641,24.315555555555548,9.64034090909091
262,IA,2006,2.238064516129032,72.53333333333335,31.581111111111113,10.021229050279327
263,IA,2007,3.0739999999999994,72.3,15.373333333333335,9.811801242236019
264,IA,2008,3.3957228915662645,73.43333333333334,17.466666666666665,9.550310559006217
265,IA,2009,3.1807065217391317,66.04041666666667,20.476527777777783,9.349720670391056
266,IA,2010,3.2792187500000023,73.81319444444443,16.930277777777775,9.156179775280897
267,IA,2011,2.315,73.86916666666666,22.991666666666664,9.53539325842696
268,IA,2012,1.985,74.81458333333335,28.4625,9.50555555555556
269,IA,2013,2.5168617021276583,71.57097222222222,24.39791666666667,9.830726256983242
270,IA,2014,3.0257073170731683,67.85097222222221,19.820833333333336,10.260999999999996
271,IA,2015,3.0895000000000006,70.91708333333334,25.010972222222218,9.822772277227726
272,IA,2016,3.0494974874371845,73.13333333333333,24.77222222222223,9.783663366336636
273,ID,1996,1.0095454545454543,70.9,30.025,7.152173913043479
274,ID,1997,0.9721126760563378,62.457142857142856,30.76845238095238,7.3441176470588205
275,ID,1998,1.2535384615384615,65.8130303030303,30.76984126984127,6.492063492063491
276,ID,1999,1.0366153846153852,64.68030303030304,31.523838383838378,7.130597014925373
277,ID,2000,1.0910091743119263,68.53333333333335,23.72307692307692,6.470093457943922
278,ID,2001,0.7730769230769231,64.55128205128206,22.93333333333333,6.693377483443706
279,ID,2002,0.8433802816901405,71.28461538461538,23.08461538461539,7.110067114093959
280,ID,2003,1.2484615384615383,60.56153846153846,28.561538461538454,6.899333333333333
281,ID,2004,1.087132867132867,69.08461538461539,27.915384615384607,6.563157894736844
282,ID,2005,1.3628169014084504,64.95666666666666,26.75641025641026,6.272258064516128
283,ID,2006,1.2655357142857142,66.31944444444444,28.717735042735036,6.611612903225807
284,ID,2007,1.025371900826446,67.3,25.55,6.256737588652482
285,ID,2008,1.004689655172414,68.65384615384616,21.0,6.621830985915492
286,ID,2009,1.14,65.4562393162393,26.802258852258856,6.07894736842105
287,ID,2010,1.3368156424581006,64.18444444444445,29.40974358974359,6.278431372549022
288,ID,2011,1.2416574585635365,66.46126984126984,24.99555555555556,6.36153846153846
289,ID,2012,1.3668131868131872,67.90031746031747,31.40444444444445,6.646706586826345
290,ID,2013,0.8427071823204422,68.81777777777778,22.86,6.309036144578313
291,ID,2014,1.367237569060773,66.76666666666667,29.50222222222222,7.131137724550895
292,ID,2015,1.1086111111111103,68.67846153846155,28.308888888888887,6.510179640718563
293,ID,2016,1.3284302325581394,66.71094017094016,29.594444444444445,6.793452380952378
294,IL,1996,1.9962857142857149,72.61666666666666,28.57142857142857,7.886111111111113
295,IL,1997,1.9997087378640772,71.63333333333333,27.509523809523806,8.632673267326735
296,IL,1998,2.5294630872483217,73.50363247863247,33.86730769230769,8.335135135135133
297,IL,1999,2.2611111111111124,74.12380952380953,31.061111111111106,8.824705882352939
298,IL,2000,2.3305755395683443,72.14,16.86470588235294,8.932352941176473
299,IL,2001,2.7921078431372544,73.00980392156862,29.654901960784308,8.717910447761192
300,IL,2002,2.3578723404255317,75.14901960784312,34.11960784313726,8.957843137254903
301,IL,2003,2.7594067796610164,67.2235294117647,23.635294117647057,8.890594059405931
302,IL,2004,2.7858823529411767,72.21176470588235,29.729411764705887,8.995477386934672
303,IL,2005,1.8495566502463048,75.46862745098038,32.13725490196078,8.566836734693867
304,IL,2006,2.670000000000001,73.73431372549021,35.064052287581696,8.810837438423643
305,IL,2007,2.7428387096774194,74.6,21.905882352941173,8.398378378378379
306,IL,2008,3.707606382978725,73.87058823529412,25.599999999999994,8.667391304347829
307,IL,2009,3.615539906103288,67.79504643962848,26.2937048503612,8.276470588235293
308,IL,2010,2.941052631578945,75.92456140350878,23.811971104231162,8.005392156862747
309,IL,2011,3.1060869565217404,75.32465886939572,29.05438596491228,8.529556650246302
310,IL,2012,2.2114042553191493,76.09649122807015,34.05964912280702,8.499074074074075
311,IL,2013,3.0972961373390566,72.05108359133128,30.027192982456146,8.509767441860463
312,IL,2014,2.9258695652173885,69.39999999999999,23.29901315789473,9.059523809523816
313,IL,2015,3.4607456140350865,72.39442724458205,26.866976264189887,8.819069767441864
314,IL,2016,2.908940092165897,75.10877192982456,28.790350877192978,8.645327102803739
315,IN,1996,3.4333333333333336,73.56000000000002,32.5,7.687096774193549
316,IN,1997,2.413484848484848,71.03333333333333,29.603968253968254,8.759154929577464
317,IN,1998,2.8127586206896544,70.22333333333333,36.2258658008658,7.664601769911504
318,IN,1999,2.2363235294117643,71.6530303030303,32.03383838383838,8.338848920863313
319,IN,2000,2.786509433962266,64.16363636363636,18.733333333333334,8.349056603773581
320,IN,2001,3.1581944444444434,72.15277777777777,32.26111111111111,8.246762589928055
321,IN,2002,3.0887022900763355,77.21666666666665,34.8,8.387412587412584
322,IN,2003,2.8936904761904754,67.84166666666665,25.49166666666667,8.137301587301584
323,IN,2004,3.0641984732824428,71.95833333333333,30.29166666666667,8.3796992481203
324,IN,2005,2.867328244274808,74.78814814814815,30.652777777777786,7.784671532846715
325,IN,2006,3.3938888888888896,72.51944444444443,36.63333333333333,7.833333333333335
326,IN,2007,2.884821428571428,73.6,22.118181818181814,7.598484848484845
327,IN,2008,3.7884848484848472,73.95833333333333,27.36666666666667,8.098484848484851
328,IN,2009,3.3820833333333358,67.83611111111111,27.63888888888889,7.586524822695037
329,IN,2010,2.696875000000001,75.82222222222224,24.88888888888889,7.254166666666666
330,IN,2011,4.03326388888889,75.22929292929291,30.23611111111111,7.762937062937068
331,IN,2012,2.5302777777777785,75.53333333333335,35.080555555555556,7.482638888888889
332,IN,2013,3.2375694444444454,72.17500000000003,32.29848484848485,7.676388888888892
333,IN,2014,3.3486013986014007,69.01666666666667,25.169191919191924,8.272027972027969
334,IN,2015,3.4042361111111106,72.01666666666667,27.122222222222227,7.976388888888893
335,IN,2016,3.5778030303030297,74.03796296296295,30.555555555555557,7.903546099290782
336,KS,1996,1.932727272727272,77.3888888888889,32.43888888888889,9.1990099009901
337,KS,1997,1.820197044334975,75.66833333333334,32.39172932330828,9.800444444444448
338,KS,1998,2.2275403225806443,77.74587301587302,36.058297258297245,9.912800000000008
339,KS,1999,2.2179591836734684,75.91003367003367,36.7020202020202,10.24785992217898
340,KS,2000,1.936649484536084,78.87727272727273,22.795454545454547,10.437234042553195
341,KS,2001,2.1188973384030407,77.90606060606063,32.628787878787875,9.890944881889764
342,KS,2002,1.7660165975103728,81.06818181818181,34.29090909090908,10.243846153846151
343,KS,2003,2.1875324675324683,71.23636363636362,31.25454545454545,9.806477732793523
344,KS,2004,2.6142323651452277,75.90909090909092,32.39545454545455,10.032558139534883
345,KS,2005,2.0906374501992024,77.83973684210527,33.95119617224881,9.661111111111113
346,KS,2006,1.6532786885245905,80.42727272727272,41.68787878787879,10.029571984435798
347,KS,2007,2.3603773584905667,83.1,30.08260869565217,9.472800000000003
348,KS,2008,2.9816141732283445,79.33913043478263,30.38260869565217,10.125306122448984
349,KS,2009,2.7956939501779363,75.52715151515152,35.63895652173913,9.683458646616543
350,KS,2010,2.2049152542372874,80.07466666666667,29.80023188405797,9.515355805243447
351,KS,2011,1.783724832214765,82.66025396825397,31.05733333333333,9.909195402298847
352,KS,2012,1.600133779264214,80.50138888888887,39.83055555555556,9.59236641221374
353,KS,2013,2.2804026845637577,77.04343434343434,34.789898989898994,9.787072243346008
354,KS,2014,2.0123728813559323,74.79722222222222,33.055314009661835,10.48707224334601
355,KS,2015,2.761774744027304,77.50151515151516,37.04921497584541,9.62452107279693
356,KS,2016,2.492374100719424,79.02474747474749,37.438385668276965,9.740996168582377
357,KY,1996,4.005,74.92857142857143,40.2625,6.043181818181817
358,KY,1997,3.3959550561797758,73.57083333333334,36.725,6.632499999999999
359,KY,1998,3.756774193548386,75.33095238095238,43.5375,6.1440860215053785
360,KY,1999,2.828404255319149,73.33055555555556,39.14583333333333,6.734736842105263
361,KY,2000,3.3078666666666665,74.76249999999997,23.31111111111111,6.638888888888889
362,KY,2001,3.4804629629629638,73.15185185185186,38.10740740740741,6.251851851851858
363,KY,2002,3.8711,77.60370370370369,39.03703703703704,6.530841121495326
364,KY,2003,4.438730158730159,69.43333333333334,32.64444444444444,6.306930693069309
365,KY,2004,4.2982828282828285,74.64444444444446,36.56666666666667,6.466666666666662
366,KY,2005,2.885523809523808,76.55185185185185,40.244444444444454,6.184905660377357
367,KY,2006,3.9516867469879515,75.62592592592594,42.94629629629629,6.091666666666665
368,KY,2007,3.214117647058822,82.9,29.91111111111111,5.689898989898991
369,KY,2008,3.714848484848483,76.56666666666666,33.55555555555556,6.198958333333333
370,KY,2009,4.1253448275862095,71.04276094276095,35.341750841750844,5.932380952380956
371,KY,2010,3.3313636363636383,78.68484848484847,29.515824915824908,5.61388888888889
372,KY,2011,5.118421052631577,77.37878787878788,37.06666666666667,6.154054054054054
373,KY,2012,3.2846428571428565,77.15757575757577,41.160606060606064,5.873949579831934
374,KY,2013,4.270785714285714,74.5635016835017,37.842424242424244,5.952941176470588
375,KY,2014,3.819124087591242,72.83333333333333,33.35454545454545,6.570940170940171
376,KY,2015,4.828467153284672,75.42916666666667,34.92626262626263,6.2375000000000025
377,KY,2016,3.864925373134328,76.93030303030301,36.48316498316499,6.195652173913046
378,LA,1996,4.684000000000001,82.16666666666666,55.03333333333334,5.7312499999999975
379,LA,1997,4.7853333333333365,81.20873015873015,51.46269841269842,6.250684931506848
380,LA,1998,4.249454545454545,84.3569696969697,55.03888888888889,6.612244897959182
381,LA,1999,3.2055882352941167,81.4748717948718,54.21792929292928,6.393706293706293
382,LA,2000,3.0146610169491534,78.3,41.964285714285715,6.958558558558557
383,LA,2001,4.404545454545455,81.3021978021978,52.039194139194144,6.280379746835438
384,LA,2002,4.265197368421052,82.82142857142857,49.83571428571428,6.7879746835443004
385,LA,2003,3.8990625000000008,77.8,50.8,6.464999999999997
386,LA,2004,4.77253246753247,82.52857142857144,51.221428571428575,6.610691823899368
387,LA,2005,3.1587857142857145,83.3280303030303,54.99960317460317,6.3178807947019875
388,LA,2006,3.898914728682171,81.29085470085471,57.16388888888889,6.430379746835443
389,LA,2007,3.5430061349693265,85.16,52.02,5.571978021978025
390,LA,2008,3.9271657754010714,83.65624999999999,49.9,6.377142857142855
391,LA,2009,4.820181818181821,82.83677559912853,53.78888888888889,6.034951456310682
392,LA,2010,3.1480341880341887,83.09327485380115,49.520467836257296,5.743750000000005
393,LA,2011,2.790173913043477,83.05236842105263,51.56666666666666,6.302551020408156
394,LA,2012,4.703668122270745,82.59122807017543,56.97719298245614,5.754123711340204
395,LA,2013,4.427797356828191,82.12543859649124,53.412280701754376,5.873544973544974
396,LA,2014,3.8384090909090913,81.08976608187135,50.18216374269006,6.2858757062146875
397,LA,2015,5.0317307692307685,83.4974537037037,52.490348583878,6.2697674418604645
398,LA,2016,5.166,83.33316498316499,53.97142857142857,6.00231213872832
399,MA,1996,3.0671052631578952,69.17142857142856,37.114285714285714,7.375
400,MA,1997,2.166703296703296,67.91011904761905,30.793809523809532,8.399999999999999
401,MA,1998,3.1459428571428574,68.15178571428572,34.64675716440423,8.078823529411766
402,MA,1999,2.845000000000001,70.1105263157895,31.13095975232198,8.337387387387386
403,MA,2000,3.3685294117647033,67.15263157894738,26.673684210526318,8.544311377245506
404,MA,2001,2.9577631578947363,66.72807017543862,30.10350877192982,7.826905829596415
405,MA,2002,3.405215311004785,71.59473684210526,33.300000000000004,8.344394618834077
406,MA,2003,3.8221212121212105,63.48421052631581,23.46842105263158,8.062499999999998
407,MA,2004,3.4607692307692317,69.2421052631579,29.042105263157893,8.219354838709677
408,MA,2005,4.012500000000001,69.34035087719298,27.537719298245612,8.011504424778764
409,MA,2006,3.208627450980392,73.5,27.489473684210523,8.096035242290744
410,MA,2007,3.125647058823529,63.93684210526314,24.084210526315786,7.844827586206898
411,MA,2008,4.163732057416265,72.72631578947369,29.63157894736842,7.577777777777776
412,MA,2009,3.7412272727272735,66.53148148148148,27.38313266827199,7.455963302752295
413,MA,2010,3.4829166666666658,71.30925925925926,29.237037037037048,7.814084507042258
414,MA,2011,3.7875813953488393,69.84259259259261,29.65925925925926,7.226415094339623
415,MA,2012,2.9928372093023263,70.23888888888891,34.52690058479532,6.9824884792626705
416,MA,2013,3.2663888888888875,70.2962962962963,30.18888888888889,7.429577464788728
417,MA,2014,3.5284545454545486,68.26326109391124,28.813157894736843,7.889861751152072
418,MA,2015,2.8936866359446998,69.93274853801171,23.709746588693964,7.7133640552995395
419,MA,2016,2.756237113402062,70.83396686159844,31.623093681917208,8.028019323671495
420,MD,1996,5.366666666666667,74.3,39.6,5.033333333333332
421,MD,1997,3.108181818181819,50.43333333333334,45.6,6.663636363636362
422,MD,1998,1.828181818181818,75.85000000000002,41.677777777777784,6.406666666666667
423,MD,1999,2.7225641025641028,75.8611111111111,37.255555555555546,7.381481481481483
424,MD,2000,2.8134285714285707,72.575,23.925,7.638461538461537
425,MD,2001,2.322321428571428,71.35333333333334,41.38333333333333,6.922857142857143
426,MD,2002,3.0931481481481486,78.05999999999997,39.86,7.535714285714286
427,MD,2003,4.538857142857141,69.72,31.880000000000006,7.405128205128205
428,MD,2004,3.285454545454545,76.47999999999998,35.22,7.223684210526316
429,MD,2005,3.1076271186440687,76.29833333333333,39.466666666666654,7.204878048780488
430,MD,2006,3.5064,75.05555555555556,41.97333333333333,7.146938775510205
431,MD,2007,2.511168831168831,82.4,30.2,6.513157894736844
432,MD,2008,3.2197979797979803,76.68888888888887,36.45,6.875000000000003
433,MD,2009,3.6741666666666655,73.9074074074074,35.114814814814814,7.073333333333335
434,MD,2010,2.9474074074074084,78.33703703703705,37.625925925925934,7.364772727272728
435,MD,2011,3.561121495327102,77.57407407407409,37.64444444444445,6.9471910112359545
436,MD,2012,2.991214953271027,77.41435185185185,42.09861111111112,6.768539325842697
437,MD,2013,3.2199019607843145,75.63287037037038,38.92751322751322,7.006818181818183
438,MD,2014,3.2310416666666675,74.35416666666667,35.30416666666667,7.104819277108433
439,MD,2015,3.4,75.6672619047619,33.482738095238105,7.154545454545453
440,MD,2016,3.214137931034483,77.78750000000002,37.76130952380952,7.320987654320985
441,ME,1996,2.7003030303030298,65.34,29.45,6.051428571428571
442,ME,1997,2.027428571428571,64.26666666666667,19.711111111111116,6.605797101449275
443,ME,1998,2.486923076923077,64.70833333333333,23.975,6.7438202247191015
444,ME,1999,2.5329670329670333,66.425,21.6125,7.205208333333336
445,ME,2000,2.26578947368421,64.25,18.83333333333333,6.9270270270270276
446,ME,2001,1.9124166666666664,64.13333333333333,20.416666666666668,6.426724137931031
447,ME,2002,2.8322935779816514,67.92999999999999,21.87,6.583620689655179
448,ME,2003,2.8160000000000003,62.44000000000001,13.53,6.4736363636363645
449,ME,2004,2.9812727272727253,66.30000000000001,19.79,6.7370689655172376
450,ME,2005,4.1661261261261275,64.00833333333334,18.411666666666672,6.5052631578947375
451,ME,2006,3.5740229885057477,65.02,23.33333333333333,6.0200000000000005
452,ME,2007,3.1888349514563106,64.95,13.927272727272726,6.245833333333329
453,ME,2008,3.7076033057851236,69.28181818181817,19.863636363636363,5.893333333333333
454,ME,2009,3.5736428571428567,62.75151515151514,17.832634032634033,6.077099236641227
455,ME,2010,3.5479720279720275,66.41722222222222,24.15833333333333,6.5191666666666634
456,ME,2011,3.353472222222221,65.18055555555556,19.694444444444443,5.999999999999997
457,ME,2012,3.3998611111111097,66.24166666666667,22.16666666666667,5.8291666666666675
458,ME,2013,3.336597222222223,65.41833333333334,18.416666666666668,6.075000000000001
459,ME,2014,3.7891608391608393,65.62222222222222,19.555555555555557,6.458333333333332
460,ME,2015,3.230985915492956,65.76166666666667,13.944444444444445,6.458333333333335
461,ME,2016,3.0389781021897795,65.9530303030303,26.679166666666664,6.484033613445377
462,MI,1996,2.0709433962264145,69.71249999999999,27.640000000000004,7.888235294117647
463,MI,1997,2.1835483870967742,66.16060606060607,23.98181818181818,8.56810344827586
464,MI,1998,1.7647999999999993,67.62563596491228,30.613308913308916,8.15482233502538
465,MI,1999,1.9835294117647049,68.66240165631469,24.914441406546675,8.547307692307692
466,MI,2000,2.197247706422019,66.85000000000001,17.274074074074072,8.367942583732058
467,MI,2001,2.3399378881987563,64.89506172839506,26.179012345679013,8.509841269841273
468,MI,2002,1.9434121621621618,72.85925925925925,27.922222222222214,8.733860759493663
469,MI,2003,2.0949206349206357,62.66296296296296,18.022222222222226,8.438607594936709
470,MI,2004,2.348163265306123,67.23703703703703,23.92222222222223,8.589776357827477
471,MI,2005,1.9111821086261982,64.16244444444443,23.546123456790124,8.016025641025642
472,MI,2006,2.5987159533073942,68.0832167832168,29.374410774410784,8.137461300309601
473,MI,2007,2.1879457364341084,67.82857142857144,17.144444444444446,8.071525423728819
474,MI,2008,2.6332996632996624,69.24074074074073,20.47407407407408,8.01896551724138
475,MI,2009,2.4890577507598777,64.58243114909781,21.34043209876543,7.6391304347826114
476,MI,2010,2.2442388059701504,70.11499118165784,23.895017636684305,7.691950464396276
477,MI,2011,2.68245508982036,69.42791005291004,24.139638447971784,7.789164086687311
478,MI,2012,2.1102388059701496,70.7272045855379,29.60864501611628,7.677329192546584
479,MI,2013,2.778429003021149,67.64074074074074,27.249542124542128,7.951410658307216
480,MI,2014,2.462732732732735,64.21082621082623,17.49408641975309,8.317142857142864
481,MI,2015,2.190577507598784,67.1095102428436,19.560364943698282,8.280625000000002
482,MI,2016,2.6055624999999987,69.64478653530378,25.858162393162388,8.180503144654095
483,MN,1996,2.086792452830189,68.0,9.33,8.745283018867923
484,MN,1997,1.4538596491228073,61.96666666666667,14.89555555555556,8.754285714285711
485,MN,1998,2.0375,66.88867521367521,21.860819735819735,8.310135135135134
486,MN,1999,2.001780821917808,67.29910089910089,18.143589743589747,8.821854304635767
487,MN,2000,1.677016129032258,68.45384615384617,3.633333333333333,8.621311475409838
488,MN,2001,1.9393854748603356,63.86666666666667,16.480952380952374,8.60231213872832
489,MN,2002,2.401975308641976,71.70666666666666,19.526666666666664,8.845762711864408
490,MN,2003,1.62495145631068,63.22,10.68,8.860714285714286
491,MN,2004,1.9395731707317077,66.88000000000001,17.546666666666667,8.997142857142856
492,MN,2005,2.382000000000001,68.9361111111111,16.444040404040404,8.54269662921348
493,MN,2006,1.5013432835820897,67.08166666666666,22.418333333333337,8.49771428571429
494,MN,2007,2.238417266187049,66.35999999999999,10.233333333333333,8.758282208588952
495,MN,2008,2.060975609756098,69.01333333333334,8.6,8.26319018404908
496,MN,2009,1.97,64.22222222222221,11.193333333333333,7.948876404494381
497,MN,2010,2.6386458333333342,68.54791666666667,12.898333333333332,7.769142857142854
498,MN,2011,1.7343523316062197,68.6111111111111,15.108333333333333,8.004494382022473
499,MN,2012,2.2311734693877545,69.57916666666667,23.56041666666667,7.874210526315789
500,MN,2013,2.262227979274613,67.57513888888886,15.602083333333333,8.067204301075268
501,MN,2014,2.5871859296482413,64.66458333333334,9.990384615384617,8.741379310344833
502,MN,2015,2.413564356435641,66.94500000000001,17.516369047619047,8.579227053140094
503,MN,2016,2.737821782178219,67.89761904761905,17.02486111111111,8.449523809523814
504,MO,1996,2.7296774193548385,75.7,33.9375,8.652941176470588
505,MO,1997,1.8808,74.93636363636367,32.80705128205128,8.184905660377359
506,MO,1998,2.8550510204081636,76.18529411764706,37.90317460317461,8.115656565656566
507,MO,1999,2.3938613861386147,76.62361111111113,36.5974945533769,8.407981220657277
508,MO,2000,2.3705228758169947,76.0,21.28235294117647,8.38278145695364
509,MO,2001,3.1860784313725485,76.6,33.97058823529412,8.001990049751246
510,MO,2002,2.8377435897435865,75.77777777777777,35.6764705882353,8.12163461538462
511,MO,2003,3.207698412698414,70.20555555555555,31.18333333333333,8.17276995305164
512,MO,2004,3.2711167512690342,75.01666666666667,33.03888888888889,8.357943925233645
513,MO,2005,2.7663981042654067,78.01960784313724,35.874074074074066,7.907317073170725
514,MO,2006,2.4958940397350986,77.31851851851852,40.564814814814824,8.300947867298584
515,MO,2007,2.6254216867469893,81.85,31.127777777777773,7.716062176165803
516,MO,2008,4.4067171717171725,77.85555555555554,30.75555555555556,8.15833333333334
517,MO,2009,3.790917431192661,71.34239766081872,32.60035546382296,7.9323809523809565
518,MO,2010,3.1950000000000016,79.3343079922027,28.31461988304093,7.453554502369666
519,MO,2011,3.1978947368421045,80.3,32.459649122807015,8.111483253588517
520,MO,2012,2.2983333333333325,79.45087719298246,38.56588693957116,7.733809523809524
521,MO,2013,3.287929515418502,75.48060428849905,35.55438596491228,7.7899521531100495
522,MO,2014,2.873362831858406,72.99649122807018,29.871929824561402,8.396728971962611
523,MO,2015,4.019733333333333,76.24649122807017,35.01362229102167,7.877570093457942
524,MO,2016,3.107075471698113,78.5372180451128,34.49707602339182,7.940284360189572
525,MS,1996,3.586666666666668,80.71666666666667,49.93333333333333,5.2875000000000005
526,MS,1997,3.747733333333333,78.71031746031746,47.0,5.666216216216215
527,MS,1998,3.49592105263158,78.20079365079364,50.23809523809525,6.230136986301369
528,MS,1999,3.201948051948052,80.11666666666667,52.272380952380956,5.984146341463412
529,MS,2000,3.3014285714285707,83.01111111111112,40.92,6.069565217391302
530,MS,2001,4.5947967479674805,77.15909090909092,50.30757575757576,5.710924369747901
531,MS,2002,4.853636363636362,81.70909090909092,47.027272727272724,6.28359375
532,MS,2003,5.194285714285713,77.8727272727273,46.15454545454546,5.959541984732825
533,MS,2004,4.304049586776859,80.57272727272726,47.62727272727273,6.157480314960629
534,MS,2005,3.561249999999999,81.52666666666667,51.51818181818182,6.088524590163938
535,MS,2006,3.983786407766991,80.64242424242423,52.71666666666667,6.197709923664116
536,MS,2007,3.3771052631578957,84.76666666666667,49.89166666666667,5.193939393939392
537,MS,2008,4.257593984962404,82.75,45.33333333333334,5.918253968253968
538,MS,2009,5.111891891891891,78.4397435897436,49.668162393162405,5.526241134751773
539,MS,2010,3.400322580645162,81.89465811965813,46.11282051282051,5.305035971223022
540,MS,2011,3.471125,80.1076923076923,47.948717948717956,5.720833333333334
541,MS,2012,4.8332947976878655,80.6025641025641,53.194871794871794,5.444242424242423
542,MS,2013,4.655549132947979,79.46260683760683,50.0309829059829,5.554491017964069
543,MS,2014,4.368882352941174,79.15641025641024,46.32564102564103,5.919496855345915
544,MS,2015,4.6954268292682935,81.68653846153846,47.991452991453,6.0553333333333335
545,MS,2016,4.22883435582822,82.71816239316239,50.133527583527595,5.826143790849671
546,MT,1996,0.9193181818181816,68.2,16.025,7.943478260869562
547,MT,1997,0.9767647058823528,61.13333333333333,22.076666666666664,8.226
548,MT,1998,0.9404477611940301,65.8330303030303,24.246919191919194,8.061068702290072
549,MT,1999,0.7802290076335879,61.493686868686865,27.85833333333333,8.771223021582736
550,MT,2000,0.7406956521739132,70.58333333333333,15.2875,8.432727272727275
551,MT,2001,0.8024137931034481,66.77058823529411,24.496078431372553,8.853768844221111
552,MT,2002,0.9092473118279568,71.21764705882353,19.9,9.343367346938775
553,MT,2003,0.9666666666666665,60.341176470588245,20.21764705882353,8.87121212121212
554,MT,2004,0.9691978609625668,68.16470588235295,23.776470588235288,8.993500000000003
555,MT,2005,0.9917346938775508,64.65416666666668,22.333946078431374,8.932673267326727
556,MT,2006,0.8367832167832164,69.83888888888889,30.014583333333334,9.374489795918363
557,MT,2007,0.7979874213836479,67.2,23.276470588235288,9.008421052631574
558,MT,2008,1.0099502487562184,69.16666666666669,15.377777777777775,8.938461538461548
559,MT,2009,0.9155156950672644,64.30555555555556,23.56492647058824,8.69241706161137
560,MT,2010,1.272071713147409,63.709523809523795,21.464145658263305,8.181308411214957
561,MT,2011,1.2729083665338643,65.89684210526316,21.106349206349204,9.199532710280382
562,MT,2012,0.9057936507936514,67.48571428571428,26.83793650793651,8.98093023255814
563,MT,2013,1.2425506072874497,66.78333333333332,23.096825396825395,8.765277777777778
564,MT,2014,1.287591836734694,65.00833333333333,23.10103174603175,9.238277511961726
565,MT,2015,1.0330042918454936,67.39479876160989,26.106666666666666,8.797524752475244
566,MT,2016,1.2365957446808509,66.30037037037037,25.803921568627448,9.1578431372549
567,NC,1996,5.093863636363635,75.60000000000002,47.275,6.647368421052634
568,NC,1997,3.86108695652174,75.04583333333333,44.34722222222222,7.2772727272727264
569,NC,1998,3.5309482758620696,78.29333333333334,46.54563492063492,6.501639344262296
570,NC,1999,3.1096938775510203,77.41554232804232,48.809259259259264,6.686868686868688
571,NC,2000,2.7938011695906413,76.79473684210525,36.67,6.527218934911243
572,NC,2001,2.5075833333333337,74.39833333333334,45.85166666666667,6.0830508474576295
573,NC,2002,3.3185909090909105,80.195,43.14999999999999,6.533047210300432
574,NC,2003,4.544890510948903,74.02105263157895,41.77500000000001,6.557272727272728
575,NC,2004,3.2339090909090915,79.075,42.325,6.413247863247862
576,NC,2005,3.1523873873873867,78.49407407407408,46.418508771929815,6.568240343347644
577,NC,2006,3.577241379310344,76.27611111111112,47.562777777777775,6.1728033472803405
578,NC,2007,2.3603738317757017,81.97999999999998,41.85,6.261885245901638
579,NC,2008,3.330909090909092,78.77391304347825,42.65652173913043,6.649199999999999
580,NC,2009,3.812992700729926,76.11976911976913,42.58972332015811,6.342481203007527
581,NC,2010,3.4077192982456155,79.81792929292929,41.64578392621871,6.178346456692914
582,NC,2011,3.0506968641114987,79.80138888888891,44.45138888888889,6.260617760617765
583,NC,2012,3.377038327526133,77.5138888888889,47.357548309178746,5.933206106870228
584,NC,2013,4.038908450704228,76.90176218708827,45.172222222222224,6.25559845559846
585,NC,2014,3.6932592592592584,76.72430830039526,42.655928853754936,6.607916666666667
586,NC,2015,4.646,78.97653554175294,43.60718050065877,6.457258064516134
587,NC,2016,3.8427203065134083,79.97684626586228,43.080808080808076,6.662903225806455
588,ND,1996,1.2466666666666666,70.925,6.425000000000002,9.883333333333333
589,ND,1997,1.1721951219512197,68.64166666666665,15.791666666666664,10.035714285714286
590,ND,1998,1.3653731343283582,68.76333333333334,19.517777777777773,9.424242424242426
591,ND,1999,1.1305970149253737,66.78777777777776,18.53888888888889,10.230555555555558
592,ND,2000,1.4526785714285713,70.51666666666667,4.042857142857144,10.20350877192982
593,ND,2001,1.2815463917525776,68.28518518518517,16.62857142857143,10.063157894736845
594,ND,2002,1.0488888888888883,72.84444444444446,17.244444444444447,10.75809523809524
595,ND,2003,0.9463492063492064,62.444444444444436,9.666666666666666,10.398019801980194
596,ND,2004,1.2929292929292928,67.83333333333333,15.655555555555555,10.703738317757004
597,ND,2005,1.4113888888888892,67.42962962962963,17.262962962962966,10.687850467289724
598,ND,2006,0.8831250000000004,70.02037037037036,24.131481481481487,10.371698113207543
599,ND,2007,1.268333333333333,66.80000000000001,9.055555555555557,10.193939393939393
600,ND,2008,1.4879797979797975,69.97777777777779,5.333333333333332,10.30909090909091
601,ND,2009,1.506607142857143,64.72592592592592,8.944444444444445,9.872222222222225
602,ND,2010,1.7827731092436971,64.79,9.655555555555557,9.651401869158876
603,ND,2011,1.5514285714285707,68.99333333333333,14.88,10.118691588785051
604,ND,2012,1.09625,69.81333333333335,21.790000000000006,9.7712962962963
605,ND,2013,1.920847457627117,67.09555555555556,15.035555555555556,9.791588785046734
606,ND,2014,1.6505128205128217,65.92333333333333,14.923333333333332,10.829523809523817
607,ND,2015,1.286974789915967,68.36777777777779,21.437777777777782,10.255555555555556
608,ND,2016,1.4844915254237294,68.99333333333333,22.897142857142853,10.818867924528304
609,NE,1996,1.7677777777777777,72.10000000000002,22.963636363636365,9.788333333333332
610,NE,1997,1.2946268656716418,70.45833333333333,26.141666666666666,10.328099173553717
611,NE,1998,1.7352447552447543,72.10555555555554,30.100000000000005,9.781118881118882
612,NE,1999,1.4406944444444445,72.67819217819216,31.4457264957265,10.335616438356162
613,NE,2000,1.4247368421052629,75.7076923076923,19.24117647058824,10.4587786259542
614,NE,2001,1.5581372549019608,74.00784313725491,28.784313725490197,9.894088669950731
615,NE,2002,1.2174193548387091,79.17058823529412,27.676470588235297,10.511881188118805
616,NE,2003,1.7144915254237292,62.952941176470574,24.7235294117647,9.926368159203982
617,NE,2004,1.5286096256684494,72.27647058823528,26.54705882352941,9.90904522613065
618,NE,2005,1.634040404040404,73.97916666666667,27.651593137254906,9.996499999999996
619,NE,2006,1.1275694444444444,74.27352941176471,35.145098039215696,10.045273631840793
620,NE,2007,1.9614193548387089,74.9,21.729411764705876,9.898918918918914
621,NE,2008,2.193157894736843,76.42941176470589,20.81176470588235,10.093478260869565
622,NE,2009,1.881772727272728,69.80102707749765,29.116905929038282,9.501470588235296
623,NE,2010,2.066693548387097,73.62539682539679,23.934920634920637,9.51237623762376
624,NE,2011,1.743190661478599,74.81095238095239,24.73333333333333,9.759722222222221
625,NE,2012,1.098877551020408,76.36984126984126,32.650793650793645,9.70494296577947
626,NE,2013,1.7934154929577455,72.48748832866481,28.173567251461982,9.904399999999997
627,NE,2014,2.0542657342657344,69.75714285714287,27.726984126984128,10.412307692307692
628,NE,2015,2.239858657243817,72.38824463118581,32.355555555555554,9.5822641509434
629,NE,2016,2.100071428571429,73.86341269841269,31.455952380952386,9.910424710424714
630,NH,1996,2.5431818181818184,65.85,29.225,4.374999999999999
631,NH,1997,2.160681818181818,63.8,22.361666666666668,5.312765957446809
632,NH,1998,2.4210294117647058,65.91666666666667,27.485555555555557,5.152307692307692
633,NH,1999,2.592608695652174,67.12333333333333,23.316666666666666,5.4444444444444455
634,NH,2000,3.248888888888889,64.74285714285715,20.128571428571426,5.3698412698412685
635,NH,2001,2.000952380952382,64.47142857142858,23.228571428571428,4.9855421686747015
636,NH,2002,3.0972368421052625,69.04285714285716,22.7,5.217857142857143
637,NH,2003,2.79,63.02857142857143,16.514285714285712,4.9731707317073175
638,NH,2004,3.1700000000000004,67.92857142857143,23.414285714285718,5.242682926829271
639,NH,2005,3.645476190476192,68.39047619047619,21.238095238095237,4.92926829268293
640,NH,2006,3.1771186440677965,67.97222222222221,28.07142857142857,4.779761904761905
641,NH,2007,3.0520895522388063,69.5,19.828571428571426,5.5589743589743605
642,NH,2008,4.088311688311687,69.95714285714286,22.228571428571424,4.733766233766233
643,NH,2009,3.456451612903224,63.84285714285715,20.084656084656086,4.694047619047619
644,NH,2010,3.393611111111112,68.33796296296298,25.017460317460323,4.991566265060243
645,NH,2011,3.748518518518517,67.24629629629631,23.292592592592587,4.441666666666666
646,NH,2012,2.8982568807339453,68.49629629629631,27.75,4.832142857142856
647,NH,2013,3.1674999999999995,68.73314814814815,24.04444444444444,4.842352941176472
648,NH,2014,3.4747747747747746,66.25,21.074074074074076,6.791954022988505
649,NH,2015,3.0122222222222224,66.66047619047619,17.184761904761903,6.209195402298852
650,NH,2016,2.9612121212121214,68.09555555555555,29.24212962962963,5.407407407407409
651,NJ,1996,5.105,73.45,39.95,8.058333333333332
652,NJ,1997,3.2008333333333336,72.63333333333334,35.91111111111111,9.183333333333332
653,NJ,1998,2.3470967741935485,72.92555555555556,39.70555555555556,7.258333333333337
654,NJ,1999,2.8261052631578942,74.64999999999998,35.28174603174603,6.9045454545454525
655,NJ,2000,2.71111111111111,71.30000000000003,25.0,6.741666666666667
656,NJ,2001,2.200336134453781,70.33999999999999,33.596666666666664,5.831818181818181
657,NJ,2002,3.304766355140188,76.88,36.36,6.350442477876108
658,NJ,2003,3.895142857142857,67.84,27.079999999999995,6.4679245283018885
659,NJ,2004,3.2472727272727253,73.36,33.709999999999994,6.181415929203543
660,NJ,2005,3.4963809523809513,75.1377777777778,31.450833333333332,6.0508771929824565
661,NJ,2006,3.933614457831325,76.14333333333333,38.02666666666666,6.259999999999998
662,NJ,2007,3.8941935483870966,75.8,27.72,5.847222222222222
663,NJ,2008,3.51118181818182,77.2,33.72,5.8509259259259245
664,NJ,2009,4.213801652892562,70.69666666666666,31.626666666666665,5.797368421052632
665,NJ,2010,3.242916666666667,75.69333333333334,35.51,6.084210526315791
666,NJ,2011,4.544833333333331,74.9025925925926,33.53333333333334,5.3247863247863245
667,NJ,2012,3.293728813559324,74.37185185185184,38.09,5.455555555555557
668,NJ,2013,3.3305042016806734,73.71259259259259,34.61074074074073,5.822222222222222
669,NJ,2014,3.5259016393442617,72.52,30.541515151515156,6.1896
670,NJ,2015,2.9195934959349583,73.73814814814814,28.05,6.155833333333333
671,NJ,2016,3.2262280701754382,75.78939393939395,35.15,6.283333333333334
672,NM,1996,0.7258823529411762,76.5,40.47500000000001,8.894444444444442
673,NM,1997,0.8659615384615384,76.08333333333333,36.88333333333333,9.1
674,NM,1998,0.5745744680851065,72.77129629629628,37.59609788359789,9.135869565217394
675,NM,1999,0.5085148514851484,71.42222222222222,37.52962962962963,9.71919191919192
676,NM,2000,0.8394680851063828,75.67777777777776,34.33571428571429,9.572527472527476
677,NM,2001,0.7086227544910179,74.39285714285717,34.65714285714285,9.262893081761003
678,NM,2002,0.7338562091503269,75.12857142857142,35.69285714285713,9.7185628742515
679,NM,2003,0.5211224489795919,70.3,36.68571428571429,9.783544303797466
680,NM,2004,1.0399342105263158,73.77857142857142,35.66428571428571,9.296874999999998
681,NM,2005,0.7137888198757761,73.7361111111111,40.65238095238095,9.217469879518069
682,NM,2006,0.902340425531915,74.78333333333333,39.35,9.5172619047619
683,NM,2007,0.8508148148148151,79.5,34.80714285714286,8.965100671140943
684,NM,2008,0.9023376623376628,74.45714285714288,32.57857142857143,9.59865771812081
685,NM,2009,0.7695402298850573,73.83184523809524,38.042857142857144,9.131325301204818
686,NM,2010,1.1086910994764403,74.01666666666667,36.20625,9.155555555555557
687,NM,2011,0.6104020100502512,76.73750000000003,35.794166666666655,9.45965909090909
688,NM,2012,0.4819327731092437,75.69583333333334,40.04736111111111,9.098666666666668
689,NM,2013,0.8150877192982457,71.47823232323232,34.26222222222222,9.263461538461538
690,NM,2014,0.7797309417040359,74.07535797535795,38.48222222222223,9.591176470588234
691,NM,2015,1.2052752293577982,73.60837606837606,37.2259829059829,8.803864734299518
692,NM,2016,0.8934433962264159,74.76816849816849,37.8929181929182,9.299519230769233
693,NV,1996,0.4468571428571429,79.83333333333333,38.73333333333334,7.65
694,NV,1997,0.40810810810810816,72.94444444444446,37.23095238095238,7.592753623188406
695,NV,1998,0.7347619047619051,72.5,37.79047619047619,7.118072289156626
696,NV,1999,0.23301369863013704,69.03809523809525,38.0047619047619,7.402499999999999
697,NV,2000,0.4152941176470589,75.97142857142856,37.57,7.26
698,NV,2001,0.3609302325581397,74.34969696969695,33.192424242424245,7.278125000000001
699,NV,2002,0.25181818181818194,75.5030303030303,39.654545454545456,7.2284552845528465
700,NV,2003,0.5414492753623188,72.44000000000003,35.111111111111114,7.408695652173914
701,NV,2004,0.5923584905660378,78.11000000000001,35.81,7.615178571428567
702,NV,2005,0.7420000000000001,74.68650793650794,36.30750000000001,7.142056074766357
703,NV,2006,0.4654999999999998,75.23954545454545,36.351212121212114,7.183064516129033
704,NV,2007,0.41619834710743797,75.72,30.366666666666664,7.142635658914728
705,NV,2008,0.2997810218978102,78.91538461538461,30.899999999999995,7.2112903225806475
706,NV,2009,0.4494594594594595,73.54166666666667,36.40940170940171,7.052631578947369
707,NV,2010,0.6953987730061351,75.29523809523809,38.24444444444444,7.402255639097746
708,NV,2011,0.468496732026144,74.06433566433566,36.60769230769231,7.34263565891473
709,NV,2012,0.4808387096774194,75.85128205128207,39.771153846153844,7.5620155038759735
710,NV,2013,0.4205844155844157,76.94777777777777,32.797435897435896,7.224031007751938
711,NV,2014,0.4896794871794873,75.65641025641027,40.623595848595855,7.566153846153845
712,NV,2015,0.6537254901960784,71.36068376068377,37.74615384615385,7.292366412213736
713,NV,2016,0.6013725490196079,76.84871794871796,37.84685314685314,7.509160305343512
714,NY,1996,4.071698113207548,70.96666666666667,35.97777777777778,8.01176470588235
715,NY,1997,2.945391304347827,69.17000000000002,30.775185185185183,9.554716981132081
716,NY,1998,2.4602824858757075,68.28750000000001,33.69260935143288,7.912138728323697
717,NY,1999,2.20326923076923,70.77490884072927,28.486666666666665,8.378640776699028
718,NY,2000,2.7315,64.89090909090908,23.88333333333334,8.154639175257728
719,NY,2001,2.3249696969696947,66.79885057471263,30.049381078691425,7.814984709480121
720,NY,2002,2.934082278481011,70.41979565772671,34.02413793103448,8.286842105263156
721,NY,2003,3.2102463054187185,64.45517241379311,21.858620689655165,7.8476489028213186
722,NY,2004,3.1816037735849063,69.84482758620689,26.475862068965515,7.776780185758509
723,NY,2005,3.228312101910828,71.48066378066379,25.40109469074986,7.765191740412977
724,NY,2006,3.43509881422925,71.18241379310345,32.89183087027914,7.869298245614033
725,NY,2007,2.9790943396226406,71.24000000000002,21.07857142857143,7.603934426229516
726,NY,2008,3.3634169278996877,72.44074074074072,27.3,7.463725490196077
727,NY,2009,3.113926553672317,66.81685823754789,25.928772710418983,7.2460176991150425
728,NY,2010,3.017956403269757,71.05691509084168,26.682974910394268,7.520420420420418
729,NY,2011,3.8558870967741896,70.81616487455197,27.808602150537638,7.146198830409359
730,NY,2012,2.695405405405406,71.0316129032258,33.11150537634409,7.128362573099415
731,NY,2013,3.028964577656678,69.90074774440735,29.807526881720424,7.442318840579711
732,NY,2014,3.054876712328768,68.74651340996168,26.038888888888877,7.843235294117651
733,NY,2015,2.772603878116344,69.46770980101347,21.428612479474552,7.667836257309943
734,NY,2016,2.558419540229886,71.07933333333334,30.132688172043014,7.829253731343273
735,OH,1996,2.520434782608696,70.8,30.725,7.953333333333334
736,OH,1997,2.3370085470085464,69.33,30.806267806267808,8.732758620689657
737,OH,1998,2.5201673640167344,71.0174603174603,36.61754385964913,7.607264957264963
738,OH,1999,1.9405035971223012,72.48642951251647,31.93068181818182,8.152000000000006
739,OH,2000,2.7682882882882884,66.78333333333332,21.542307692307688,7.971698113207544
740,OH,2001,2.6045980707395464,68.83461538461539,32.44871794871795,7.9372937293729375
741,OH,2002,2.7475352112676066,75.93846153846151,34.28076923076923,8.258823529411767
742,OH,2003,2.715611111111111,66.20769230769231,24.734615384615378,8.024163568773236
743,OH,2004,2.982218309859156,71.72307692307693,31.00384615384615,7.993103448275861
744,OH,2005,2.8668458781361985,74.12819917440659,29.028974358974363,7.640728476821189
745,OH,2006,3.1787610619469007,71.3174358974359,35.768589743589736,7.886229508196722
746,OH,2007,2.9697942386831278,74.26666666666667,19.719230769230766,7.469750889679713
747,OH,2008,3.0201403508771927,73.35000000000002,27.75769230769231,7.964412811387907
748,OH,2009,2.6355305466237944,68.18846153846154,27.389743589743592,7.458415841584167
749,OH,2010,2.616089743589744,74.00502136752137,25.33974358974359,7.1359223300970855
750,OH,2011,3.866935483870967,73.45297008547007,29.768820512820515,7.523778501628665
751,OH,2012,2.7549677419354843,73.33440170940172,34.957692307692305,7.263106796116508
752,OH,2013,3.090551948051948,71.13076923076923,31.261538461538464,7.569934640522872
753,OH,2014,2.7386084142394846,68.45835897435897,25.516392419175034,8.057049180327875
754,OH,2015,3.081028938906752,70.78589743589744,25.511538461538464,7.816883116883115
755,OH,2016,2.7195578231292528,73.62798216276478,30.591142191142183,7.955115511551153
756,OK,1996,2.0794871794871796,81.5,41.38,9.868421052631575
757,OK,1997,1.7086206896551732,78.73555555555556,39.623333333333335,9.973451327433626
758,OK,1998,1.7595424836601306,83.91538461538462,41.76800144300145,9.965771812080536
759,OK,1999,1.992792207792208,75.05,43.8915750915751,10.38701298701299
760,OK,2000,2.4982677165354343,81.52857142857142,30.54666666666667,10.399159663865543
761,OK,2001,1.5603932584269655,82.62444444444445,38.83555555555555,9.862146892655367
762,OK,2002,2.2504878048780506,81.95333333333333,40.14666666666667,10.060233918128656
763,OK,2003,1.757692307692308,74.05333333333333,37.57333333333333,9.950574712643686
764,OK,2004,2.4106666666666654,77.78,42.38,9.816384180790967
765,OK,2005,1.6942372881355916,80.4163492063492,41.67460317460317,9.467222222222226
766,OK,2006,1.7389430894308948,80.36,46.851111111111116,10.12173913043478
767,OK,2007,2.9286619718309863,85.4,37.88666666666667,9.37882352941177
768,OK,2008,2.7079999999999997,82.87857142857145,38.71333333333333,10.507738095238098
769,OK,2009,2.4516019417475725,80.42949561403508,41.385185185185186,9.907608695652174
770,OK,2010,2.2233777777777783,80.81452241715402,36.66890838206627,9.439130434782607
771,OK,2011,1.6042543859649123,87.6416179337232,38.35438596491228,10.208152173913042
772,OK,2012,1.7506140350877204,83.10877192982456,45.63333333333335,9.565104166666668
773,OK,2013,2.461233480176211,80.12554824561404,40.291130604288504,9.597382198952877
774,OK,2014,1.8640088105726869,78.1456140350877,39.73206627680312,10.145263157894737
775,OK,2015,3.2783333333333364,80.63256578947367,42.471826625387,9.329100529100534
776,OK,2016,1.9998611111111109,81.86518218623483,41.17120005897096,9.616931216931214
777,OR,1996,4.126190476190475,69.02857142857142,38.84285714285714,7.615384615384616
778,OR,1997,2.56605504587156,66.23878787878787,38.51424963924964,6.791919191919191
779,OR,1998,2.7274999999999987,66.79361311776172,40.281920077972714,6.374479166666667
780,OR,1999,2.458605769230769,64.00263157894736,41.22202729044834,6.691743119266056
781,OR,2000,1.8428089887640453,66.87894736842104,36.452380952380956,5.8477011494252835
782,OR,2001,1.7650793650793648,65.04761904761905,35.93708513708514,6.306746031746032
783,OR,2002,1.411652892561984,66.36594516594518,39.57121212121211,6.464122137404578
784,OR,2003,2.7025324675324685,64.4090909090909,37.940909090909095,6.303937007874012
785,OR,2004,1.4657024793388442,71.06818181818184,38.68181818181819,5.991828793774317
786,OR,2005,2.0805098039215704,65.84761904761905,36.01666666666667,5.9384313725490205
787,OR,2006,2.7647368421052634,64.60151515151516,35.12727272727273,6.3544401544401525
788,OR,2007,2.0492344497607644,62.84000000000001,30.3,5.741004184100423
789,OR,2008,1.5217842323651454,68.35000000000001,32.30909090909092,5.901702127659572
790,OR,2009,1.7501865671641772,67.21619528619529,36.38046113306984,5.628682170542636
791,OR,2010,2.4938811188811183,64.64583333333333,39.118611111111115,5.833073929961087
792,OR,2011,1.9088850174216008,66.21527777777779,36.57795893719807,5.5870229007633565
793,OR,2012,2.674251700680272,67.11388888888891,37.254166666666656,5.97737226277372
794,OR,2013,1.418542372881356,68.05580808080809,33.82880434782609,5.420727272727278
795,OR,2014,2.150666666666666,68.23460144927537,38.57061111111111,6.421454545454543
796,OR,2015,2.0137966101694915,70.31942797540623,38.57777777777778,5.895940959409597
797,OR,2016,2.204429065743944,65.81563492063492,37.907777777777774,6.314545454545456
798,PA,1996,4.179318181818181,71.6125,31.8625,6.770731707317072
799,PA,1997,2.6063716814159283,66.67185185185187,30.370707070707073,7.695454545454547
800,PA,1998,2.5611450381679384,68.23939393939393,36.71818181818181,6.824615384615383
801,PA,1999,2.8221978021978016,72.39467787114846,32.41284907902555,7.099999999999996
802,PA,2000,2.802265193370164,68.63684210526314,24.108695652173914,7.094857142857141
803,PA,2001,2.4079120879120888,68.19855072463768,31.623188405797105,6.862256809338518
804,PA,2002,3.0909126984126987,72.39446640316206,35.03043478260869,7.250367647058827
805,PA,2003,3.330375,65.65652173913044,24.960869565217386,7.105447470817118
806,PA,2004,3.789880952380953,71.00434782608696,29.39130434782609,6.916791044776113
807,PA,2005,2.9520446096654247,73.34848484848484,28.49579020013803,6.72089552238806
808,PA,2006,3.4858031088082915,71.82121212121213,35.12173913043478,7.02581818181818
809,PA,2007,3.1990666666666687,71.9,22.8,6.670454545454542
810,PA,2008,3.3460370370370387,73.38000000000002,29.800000000000004,6.640074906367039
811,PA,2009,3.272093023255813,68.21066666666667,28.704700854700857,6.3668941979522184
812,PA,2010,3.133709677419353,73.62870680044594,27.43841025641025,6.787847222222223
813,PA,2011,4.334103448275865,72.69347826086955,30.76805555555556,6.331046931407941
814,PA,2012,3.1734146341463414,72.36914251207729,35.36388888888889,6.2638376383763825
815,PA,2013,3.2133333333333325,71.52826086956522,32.075,6.59817518248175
816,PA,2014,3.4047902097902107,70.07131642512077,27.404770531400967,7.016974169741697
817,PA,2015,3.20638596491228,71.26147342995169,25.730736714975844,6.77818181818182
818,PA,2016,2.833283582089552,73.4330112721417,31.290961791831364,6.987777777777777
819,RI,1996,4.600909090909091,69.85,39.05,8.2
820,RI,1997,2.737272727272728,69.36666666666666,33.550000000000004,9.39090909090909
821,RI,1998,4.0025,70.0,36.88333333333333,8.762499999999998
822,RI,1999,2.913333333333333,71.23888888888888,34.23888888888889,8.674999999999999
823,RI,2000,3.708888888888889,68.83333333333333,29.366666666666664,8.365384615384615
824,RI,2001,3.020555555555555,68.39999999999999,33.94444444444445,7.782857142857143
825,RI,2002,3.405757575757576,72.93333333333331,35.63333333333333,8.37777777777778
826,RI,2003,3.942857142857143,63.7,26.16666666666667,8.136666666666665
827,RI,2004,3.6169696969696967,70.03333333333333,34.93333333333333,8.113333333333335
828,RI,2005,4.506249999999999,70.33888888888889,30.4,8.16111111111111
829,RI,2006,3.811071428571428,71.78888888888889,35.855555555555554,8.205714285714285
830,RI,2007,3.1886206896551723,74.0,27.9,7.712121212121213
831,RI,2008,3.9328571428571415,74.43333333333331,32.833333333333336,7.5151515151515165
832,RI,2009,4.0665853658536575,68.45555555555556,30.420000000000005,7.722222222222222
833,RI,2010,4.104655172413794,71.40666666666667,30.78,7.8694444444444445
834,RI,2011,4.184499999999999,70.20666666666666,31.16,7.316666666666669
835,RI,2012,3.0045000000000006,70.10666666666667,36.04666666666667,7.0472222222222225
836,RI,2013,3.225333333333334,70.63777777777777,32.82666666666667,7.382857142857143
837,RI,2014,3.4521666666666677,68.50833333333334,30.58833333333333,7.955555555555555
838,RI,2015,3.324107142857143,71.01111111111109,25.675555555555558,7.71111111111111
839,RI,2016,3.2619298245614035,71.12,32.94888888888889,7.9714285714285715
840,SC,1996,3.719545454545453,81.15,38.225,5.928571428571428
841,SC,1997,4.0279591836734685,77.72166666666666,58.35833333333333,6.626666666666668
842,SC,1998,3.5963157894736857,81.1238888888889,49.96888888888889,6.332758620689655
843,SC,1999,2.629809523809524,78.51333333333334,51.48,6.143137254901959
844,SC,2000,2.573861386138613,73.46666666666665,38.25,6.068041237113402
845,SC,2001,2.555314685314684,76.47222222222223,48.56388888888889,5.894326241134754
846,SC,2002,3.43409090909091,82.04166666666666,46.65,6.0748251748251745
847,SC,2003,4.068809523809523,69.59166666666665,42.88333333333333,6.012676056338028
848,SC,2004,3.220151515151517,80.13333333333334,44.40000000000001,6.064788732394363
849,SC,2005,3.3060294117647033,79.44272727272727,48.78737373737373,6.146153846153841
850,SC,2006,3.1148,76.48888888888891,50.19722222222222,5.924305555555558
851,SC,2007,2.583471074380165,86.3,46.161538461538456,5.956028368794326
852,SC,2008,3.299090909090908,80.83333333333333,44.08461538461539,6.42463768115942
853,SC,2009,3.907454545454547,77.98055555555554,45.425274725274726,5.652258064516133
854,SC,2010,3.0667977528089905,82.3247619047619,45.280854700854704,5.247741935483871
855,SC,2011,2.8370555555555566,82.24222222222222,47.801428571428566,5.678947368421053
856,SC,2012,3.153756906077347,79.28534798534798,50.835694444444435,5.247435897435897
857,SC,2013,4.380666666666663,78.68188034188034,49.18,5.483870967741937
858,SC,2014,3.6586666666666665,79.69819444444444,46.17931623931624,5.940666666666668
859,SC,2015,4.6765555555555585,81.36934829059828,48.045535714285705,5.915923566878984
860,SC,2016,3.3307831325301205,82.77523148148148,47.496455026455024,6.028476821192057
861,SD,1996,0.9741666666666668,70.52499999999998,10.239999999999998,10.240000000000002
862,SD,1997,1.1798333333333333,69.61444444444443,18.166666666666668,10.336842105263155
863,SD,1998,1.2690909090909093,69.44374514374515,25.70787037037037,9.822480620155039
864,SD,1999,0.9282467532467537,67.6784632034632,26.381452991453,10.59268292682927
865,SD,2000,1.2689208633093532,72.54666666666667,10.775,10.783453237410074
866,SD,2001,1.2545026178010472,71.33749999999998,21.385416666666668,10.386096256684487
867,SD,2002,1.0188068181818173,77.44375,22.53125,10.91587301587302
868,SD,2003,1.2053571428571428,64.13125000000001,18.61875,10.63989361702128
869,SD,2004,1.4556818181818183,71.25625,24.5875,10.706878306878304
870,SD,2005,1.1279459459459455,71.29920634920636,22.480138888888888,10.719672131147544
871,SD,2006,0.9502469135802474,73.3562962962963,28.303240740740748,10.506878306878313
872,SD,2007,1.6114814814814815,70.78888888888888,15.525,10.521714285714287
873,SD,2008,1.6655999999999995,72.775,14.468750000000002,10.462352941176464
874,SD,2009,1.5069651741293535,66.7011574074074,23.523425925925928,9.968983957219248
875,SD,2010,1.7655607476635509,68.24749455337691,15.572589869281044,9.888043478260867
876,SD,2011,1.3977209302325588,71.52222222222224,18.747167755991285,10.118518518518522
877,SD,2012,1.0115277777777782,73.67037037037038,26.9925925925926,10.078835978835976
878,SD,2013,1.6585981308411213,69.83148148148149,21.653703703703698,10.094240837696336
879,SD,2014,1.5364114832535882,67.56797385620915,20.940740740740736,10.944565217391299
880,SD,2015,1.5184499999999996,70.08261437908497,27.65986928104575,10.413407821229047
881,SD,2016,1.5021649484536077,71.83174019607843,26.04632352941177,10.881005586592178
882,TN,1996,4.139583333333333,76.375,43.02500000000001,4.979166666666666
883,TN,1997,3.960192307692308,75.09666666666666,41.083333333333336,5.690697674418603
884,TN,1998,4.277580645161288,77.77333333333333,44.24555555555556,5.441935483870969
885,TN,1999,3.1055696202531635,78.85079365079366,43.48650793650794,5.603797468354432
886,TN,2000,3.401818181818182,78.67142857142858,32.25,5.8859375
887,TN,2001,3.8148571428571447,76.30000000000003,41.94953703703704,5.3285714285714265
888,TN,2002,4.239090909090908,79.22222222222223,40.90000000000001,5.778301886792453
889,TN,2003,5.112222222222223,71.56666666666666,39.08888888888889,5.7809523809523835
890,TN,2004,4.573979591836733,76.55555555555554,39.63333333333333,5.772897196261683
891,TN,2005,3.1324,77.5162037037037,43.24444444444444,5.614018691588787
892,TN,2006,3.712988505747126,75.83333333333333,43.69629629629629,5.908490566037737
893,TN,2007,2.7926373626373633,83.7,40.77777777777778,5.177777777777777
894,TN,2008,3.683958333333333,78.10000000000002,36.13333333333333,5.5021978021977995
895,TN,2009,4.316315789473685,74.32222222222222,39.27111111111111,5.3592592592592565
896,TN,2010,3.7022689075630257,80.12666666666667,38.99333333333333,4.9700934579439275
897,TN,2011,4.591538461538463,79.0888888888889,40.94037037037037,5.366019417475727
898,TN,2012,3.505846153846152,77.43666666666667,44.69575757575757,5.158474576271188
899,TN,2013,4.885984251968504,75.75407407407408,42.85333333333333,5.230769230769232
900,TN,2014,4.004639999999998,74.4721212121212,37.83757575757576,5.723148148148148
901,TN,2015,4.462377049180327,77.48356902356903,39.84848484848485,5.399065420560748
902,TN,2016,3.6697478991596655,79.3437037037037,40.083333333333336,5.515238095238093
903,TX,1996,2.2632638888888894,77.808,53.43571428571428,9.212244897959193
904,TX,1997,2.359149484536083,80.81767195767196,50.202777777777776,8.995000000000003
905,TX,1998,2.211296992481203,85.73080103359173,54.66678450960041,9.190154440154442
906,TX,1999,1.5657526881720425,82.0266623931624,54.192050014208576,9.111896551724136
907,TX,2000,2.2495588235294117,85.04313725490195,43.47586206896552,9.629385964912275
908,TX,2001,2.519122562674092,82.77888888888887,50.45944444444446,8.944096728307256
909,TX,2002,2.3891171993911717,81.51999999999998,51.08722222222222,9.351351351351342
910,TX,2003,1.6807637231503592,80.05166666666666,50.06999999999999,8.859855072463775
911,TX,2004,3.032887537993918,82.18666666666667,50.43666666666666,8.916571428571428
912,TX,2005,1.6577859237536618,83.60211935441455,54.248079096045196,8.649999999999999
913,TX,2006,2.1963601532567054,81.7950912290451,55.94666666666666,9.305292479108646
914,TX,2007,2.71603993344426,83.14545454545456,52.509230769230776,8.390817790530837
915,TX,2008,1.889025069637884,83.8921875,49.03125000000001,9.485756676557868
916,TX,2009,2.306251572327044,84.95947312801933,52.097937904389504,9.039973439575046
917,TX,2010,2.227745803357315,82.9437127024723,50.28121786426135,8.846508563899878
918,TX,2011,1.3329482948294815,85.9458099090452,49.95255496137849,9.529859484777527
919,TX,2012,1.9543209876543253,82.9836741363212,54.19765300059419,8.499295774647887
920,TX,2013,2.008933920704847,83.06050516973791,51.62926346092121,8.636637168141593
921,TX,2014,1.8064341761115932,82.34161545215099,51.32866762866763,9.103374777975127
922,TX,2015,3.4492477876106227,83.64747474747476,50.80721500721501,8.231523642732046
923,TX,2016,2.689478021978021,84.08852036115721,53.18163959613694,8.332294372294376
924,UT,1996,0.146,73.4,0.0,11.12
925,UT,1997,0.39,70.0,32.36666666666667,10.116666666666664
926,UT,1998,0.9047540983606556,70.93555555555554,33.252976190476176,7.506896551724139
927,UT,1999,0.6304545454545455,71.66845238095239,33.82083333333333,7.244791666666668
928,UT,2000,0.7550000000000001,76.4,28.877777777777773,7.110958904109591
929,UT,2001,0.6449999999999998,71.25185185185184,28.155555555555555,6.957407407407408
930,UT,2002,0.5305050505050505,77.28888888888888,23.41111111111111,7.0803738317757
931,UT,2003,0.7533333333333333,66.9111111111111,29.244444444444447,7.099999999999995
932,UT,2004,1.123838383838384,73.36666666666667,25.03333333333333,7.05607476635514
933,UT,2005,1.149514563106797,69.32083333333334,32.12592592592592,6.905607476635513
934,UT,2006,1.0544000000000004,75.74074074074075,30.43703703703704,6.9641509433962225
935,UT,2007,0.6966292134831461,71.5222222222222,20.466666666666665,6.833333333333336
936,UT,2008,0.5979816513761469,76.39,20.09,6.910784313725491
937,UT,2009,0.6967521367521371,69.86190476190477,27.33973544973545,6.7747747747747775
938,UT,2010,0.978189655172414,71.03000000000002,27.44333333333333,6.785454545454545
939,UT,2011,0.9170588235294118,71.19592592592592,25.725185185185186,6.732432432432433
940,UT,2012,0.6714999999999999,73.69333333333334,32.75333333333334,7.112820512820513
941,UT,2013,0.7352991452991453,74.79555555555557,19.709259259259262,6.472321428571428
942,UT,2014,0.7909734513274337,71.33037037037037,31.849629629629632,7.236363636363635
943,UT,2015,0.9566086956521735,70.93518518518519,30.55,6.850467289719628
944,UT,2016,0.8184259259259261,73.88259259259259,28.66666666666667,7.334234234234233
945,VA,1996,3.6254716981132074,76.4375,43.56,6.5978260869565215
946,VA,1997,2.513557692307692,66.87870370370369,40.8289417989418,7.189361702127662
947,VA,1998,2.983647058823529,76.02380952380953,43.57142857142858,6.158024691358026
948,VA,1999,3.1683157894736835,75.95416666666667,42.03333333333333,6.4361702127659575
949,VA,2000,2.593116883116882,73.81249999999999,32.41,6.2486486486486505
950,VA,2001,2.270833333333333,72.34666666666669,41.303333333333335,6.072649572649574
951,VA,2002,2.9610185185185185,78.87000000000002,39.02,6.529999999999999
952,VA,2003,4.574571428571428,71.39,36.87,6.413636363636364
953,VA,2004,4.0689090909090915,77.16,38.57999999999999,6.490476190476188
954,VA,2005,2.8472566371681416,77.38842592592592,42.553333333333335,6.240186915887848
955,VA,2006,4.041711711711712,74.87936507936509,44.13592592592593,6.725210084033615
956,VA,2007,2.355413533834585,79.74285714285716,35.93846153846154,6.388356164383563
957,VA,2008,3.050866666666665,78.16428571428571,39.56428571428571,6.789041095890412
958,VA,2009,4.112366863905327,74.94395604395605,39.58919413919414,6.465822784810128
959,VA,2010,3.1832960893854745,79.81920634920634,39.45805860805861,6.368987341772153
960,VA,2011,3.328284023668636,78.50238095238095,42.00695970695971,6.238993710691822
961,VA,2012,3.226969696969697,77.55897435897437,44.81282051282051,6.261184210526317
962,VA,2013,3.941676300578037,76.96849816849816,42.11904761904762,6.563975155279503
963,VA,2014,3.4815083798882687,75.99333333333334,39.244444444444454,6.811377245508986
964,VA,2015,3.5998870056497183,77.2676923076923,38.78444444444445,6.7376543209876525
965,VA,2016,3.842840236686391,78.76968253968253,40.57650793650794,6.826060606060607
966,VT,1996,2.399545454545454,67.125,30.975,5.017391304347826
967,VT,1997,1.9597826086956518,65.19166666666666,21.850000000000005,5.699999999999998
968,VT,1998,2.9159999999999995,65.85333333333334,26.61111111111111,5.073076923076922
969,VT,1999,2.3012857142857146,67.60555555555554,23.08777777777777,5.219718309859153
970,VT,2000,2.3107407407407403,65.00000000000001,18.15,5.048076923076924
971,VT,2001,1.6530000000000005,61.327777777777776,23.70444444444445,4.747761194029851
972,VT,2002,3.371230769230768,68.48333333333333,25.16666666666667,4.943478260869566
973,VT,2003,2.6035714285714286,63.33333333333334,15.783333333333333,4.62153846153846
974,VT,2004,2.760307692307691,67.93333333333334,19.166666666666668,4.647058823529413
975,VT,2005,3.3427419354838723,69.08333333333333,20.51944444444445,4.607462686567164
976,VT,2006,3.5327777777777776,67.86666666666666,25.788888888888888,4.858333333333332
977,VT,2007,3.260714285714286,69.9,14.4,4.864814814814814
978,VT,2008,3.8259999999999987,69.03333333333335,21.48333333333333,4.638181818181816
979,VT,2009,3.016056338028169,63.975,19.683333333333334,4.606779661016948
980,VT,2010,2.977571428571428,67.57777777777778,22.397777777777772,4.905084745762712
981,VT,2011,3.640666666666668,67.45,21.036666666666665,4.775806451612904
982,VT,2012,2.3435365853658525,68.19999999999999,26.22222222222223,5.004225352112676
983,VT,2013,3.125256410256409,67.3611111111111,22.146666666666665,5.074285714285713
984,VT,2014,2.8674683544303794,66.26666666666667,14.64722222222222,5.670422535211268
985,VT,2015,2.8749350649350656,67.5,15.661111111111113,5.475714285714287
986,VT,2016,2.329027777777778,67.81666666666666,24.872222222222227,5.754545454545454
987,WA,1996,2.53,64.61666666666667,32.787499999999994,6.627777777777778
988,WA,1997,2.473027522935781,63.51916666666667,38.135185185185186,6.783999999999999
989,WA,1998,2.5232941176470582,66.07197802197804,38.50829365079365,6.76024844720497
990,WA,1999,2.5997637795275588,61.77660455486543,39.68656126482213,7.249063670411982
991,WA,2000,1.9833980582524269,65.16086956521741,33.45217391304348,6.076354679802956
992,WA,2001,2.3656146179402002,62.029333333333334,37.8325,6.650830564784057
993,WA,2002,1.567279151943462,67.41923076923078,37.275999999999996,6.800323624595468
994,WA,2003,2.518736263736263,63.26923076923076,35.65000000000001,6.736482084690556
995,WA,2004,1.9501748251748248,69.44615384615386,38.32307692307692,6.458881578947367
996,WA,2005,2.1966558441558446,64.39933333333333,36.41410256410256,6.394855305466237
997,WA,2006,2.7982666666666653,64.69807692307693,38.094824311490974,6.783387622149833
998,WA,2007,2.182411067193676,63.075,37.16666666666666,6.384353741496595
999,WA,2008,1.731081081081081,65.86296296296297,30.934615384615373,6.381355932203389
1000,WA,2009,2.412975460122698,66.37130508819665,36.0187440645774,6.2225396825396855
1001,WA,2010,3.1882089552238813,63.34047619047618,38.86785714285714,6.206562500000006
1002,WA,2011,2.5068468468468468,64.47460317460316,36.729188712522046,6.273817034700314
1003,WA,2012,2.984036144578313,65.2555114638448,37.23589065255732,6.3031746031745985
1004,WA,2013,2.00501510574018,66.6638447971781,35.534432234432245,5.794480519480517
1005,WA,2014,2.6840121580547085,67.39052028218696,39.48237037037037,6.802614379084963
1006,WA,2015,2.5243518518518515,69.57373490706823,38.87464387464387,6.229084967320257
1007,WA,2016,2.8414239482200645,65.11471984805318,38.74935897435898,6.709061488673142
1008,WI,1996,1.4793023255813955,68.1875,20.888888888888886,7.859183673469388
1009,WI,1997,1.6397115384615384,63.47037037037037,21.20148148148148,8.310309278350513
1010,WI,1998,1.8731914893617037,67.73055555555554,27.214871794871797,8.285714285714286
1011,WI,1999,1.8200653594771232,68.52454212454212,22.40180097680097,8.245962732919255
1012,WI,2000,2.08427536231884,62.51538461538462,10.177777777777775,8.214492753623183
1013,WI,2001,2.4416279069767453,68.97777777777777,22.153703703703698,7.961792452830187
1014,WI,2002,2.3618781725888334,73.3611111111111,26.08888888888889,8.258139534883725
1015,WI,2003,1.8971428571428572,63.51666666666668,15.583333333333336,8.098029556650252
1016,WI,2004,2.6645959595959603,67.8111111111111,22.500000000000004,8.074881516587679
1017,WI,2005,1.840729166666665,70.95164835164836,21.311111111111114,7.582938388625588
1018,WI,2006,2.109251700680272,70.37037037037038,28.40000000000001,7.569158878504673
1019,WI,2007,2.7882317073170735,72.0,13.822222222222221,7.742051282051276
1020,WI,2008,2.4043147208121813,70.21176470588235,14.83888888888889,7.461139896373056
1021,WI,2009,2.1882352941176477,64.33703703703704,16.903021442495128,7.208252427184472
1022,WI,2010,2.6983333333333333,70.65964912280701,19.32582846003898,7.120657276995308
1023,WI,2011,2.283187772925764,69.67977869510378,20.905263157894737,7.325352112676053
1024,WI,2012,1.9245299145299144,71.73109161793373,26.05614035087719,7.303896103896101
1025,WI,2013,2.64121338912134,68.29171539961014,21.945029239766086,7.490829694323146
1026,WI,2014,2.547413127413125,65.2263157894737,14.873684210526314,7.963492063492067
1027,WI,2015,2.49925925925926,67.53304093567252,20.065984405458085,7.849999999999995
1028,WI,2016,3.0358730158730163,70.11052631578947,21.86359649122807,7.605925925925924
1029,WV,1996,4.474285714285714,69.83333333333333,38.25,4.465000000000002
1030,WV,1997,3.0860377358490565,69.59166666666668,35.75833333333333,5.151111111111111
1031,WV,1998,3.44625,70.65238095238095,40.569444444444436,4.6557377049180335
1032,WV,1999,2.6681481481481475,72.64571428571428,40.02380952380953,5.535714285714286
1033,WV,2000,2.8823076923076925,69.4857142857143,23.56,5.6984375000000025
1034,WV,2001,2.478403361344539,68.49666666666667,36.01666666666667,5.462931034482762
1035,WV,2002,3.2681651376146803,74.62,36.11,5.803361344537814
1036,WV,2003,4.169857142857143,66.05,30.34,5.534188034188036
1037,WV,2004,3.5840909090909103,72.17999999999998,34.91,5.467796610169492
1038,WV,2005,2.7241739130434786,74.04074074074077,38.003333333333345,5.4581196581196565
1039,WV,2006,3.1070833333333354,71.825,41.23500000000001,5.923529411764709
1040,WV,2007,2.9145360824742266,76.525,25.76,5.295370370370369
1041,WV,2008,3.3849999999999985,72.41,32.61,5.695370370370371
1042,WV,2009,3.286910569105689,69.07583333333334,31.80090909090909,5.4284482758620705
1043,WV,2010,3.169847328244274,73.56727272727272,32.64666666666667,5.2043103448275865
1044,WV,2011,4.118787878787878,72.85454545454544,34.71515151515151,5.404310344827587
1045,WV,2012,3.2198461538461536,71.8949494949495,37.82424242424242,5.072033898305084
1046,WV,2013,3.3330534351145027,71.26424242424244,34.78181818181818,5.453333333333338
1047,WV,2014,3.1480152671755737,68.00272727272726,30.91090909090909,6.10434782608696
1048,WV,2015,3.4917557251908384,71.74484848484848,30.960606060606054,5.703361344537813
1049,WV,2016,3.415624999999999,73.51212121212122,33.366329966329964,5.788333333333335
1050,WY,1996,0.77,70.26666666666667,24.68,10.610526315789473
1051,WY,1997,0.9998245614035091,66.59166666666668,22.493333333333336,9.298076923076922
1052,WY,1998,0.8684374999999998,64.61845238095239,27.237272727272728,8.420652173913043
1053,WY,1999,0.5837692307692308,66.7511111111111,27.836783216783214,8.85839416058394
1054,WY,2000,0.5735833333333337,65.80769230769229,18.450000000000006,8.801724137931034
1055,WY,2001,0.4786934673366837,67.99607843137255,24.20208333333333,8.60761421319797
1056,WY,2002,0.5921505376344088,72.5529411764706,20.929411764705886,9.360999999999994
1057,WY,2003,0.8520168067226889,59.023529411764706,19.929411764705875,9.142857142857137
1058,WY,2004,0.8781818181818177,67.28823529411765,24.01176470588236,8.933168316831688
1059,WY,2005,0.946834170854271,65.32143790849675,26.798039215686284,8.805050505050506
1060,WY,2006,0.6076190476190476,65.49313725490195,27.40294117647059,9.22821782178218
1061,WY,2007,0.8043589743589743,65.6705882352941,17.826666666666668,8.829347826086957
1062,WY,2008,0.9663492063492064,70.2529411764706,15.849999999999998,8.939890710382514
1063,WY,2009,0.8763507109004746,62.677708978328184,24.3192265795207,8.609644670050757
1064,WY,2010,0.9283628318584072,64.80000000000001,22.28421052631579,8.397029702970297
1065,WY,2011,1.024890829694323,66.57914230019493,24.09948400412797,8.995000000000003
1066,WY,2012,0.5592307692307692,69.23333333333333,28.341130604288498,8.832870370370369
1067,WY,2013,0.9351769911504426,68.33209494324045,23.192495126705648,8.741379310344827
1068,WY,2014,0.9717333333333328,64.37894736842105,25.65438596491228,9.436318407960199
1069,WY,2015,1.0235087719298246,65.28974314872147,25.229824561403504,8.552195121951218
1070,WY,2016,1.0393150684931511,67.43677903910101,25.99525075314549,9.117821782178217
